time_sec,time_nsec,x,y,z,qx,qy,qz,qw
1778148463,863857531,0.0,0.0,0.2199999988079071,-2.747558455624983e-07,-6.333649635380401e-07,-0.7069777890159458,-0.7072357498300323
1778148463,914087644,0.0,0.0,0.2199999988079071,-2.747558455624983e-07,-6.333649635380401e-07,-0.7069777890159458,-0.7072357498300323
1778148463,964061234,0.0,0.0,0.2199999988079071,-2.747558455624983e-07,-6.333649635380401e-07,-0.7069777890159458,-0.7072357498300323
1778148464,16836009,0.0,0.0,0.2199999988079071,-2.747558455624983e-07,-6.333649635380401e-07,-0.7069777890159458,-0.7072357498300323
1778148464,66996941,0.0,0.0,0.2199999988079071,-2.747558455624983e-07,-6.333649635380401e-07,-0.7069777890159458,-0.7072357498300323
1778148464,116793683,0.0,0.0,0.2199999988079071,-2.747558455624983e-07,-6.333649635380401e-07,-0.7069777890159458,-0.7072357498300323
1778148464,166886201,0.0,0.0,0.2199999988079071,-2.747558455624983e-07,-6.333649635380401e-07,-0.7069777890159458,-0.7072357498300323
1778148464,672158473,0.0,0.0,0.23000000417232513,0.0004871591398179028,-0.0005619919530987263,-0.7069778538406868,-0.7072352939579823
1778148464,922932791,0.0,0.0,0.2800000011920929,0.0008616275230007411,-0.001012246570688575,-0.7069795443781771,-0.7072327458381129
1778148465,172746957,0.0,0.0,0.38999998569488525,0.00034914547978438814,-0.00043460997523330115,-0.7069807663940603,-0.7072325538042423
1778148465,421844716,0.0,0.0,0.5699999928474426,-0.00030573722130282946,0.0003373762738090872,-0.7069828314478432,-0.7072305626455858
1778148465,672040802,0.0,0.0,0.800000011920929,-0.0007820473371855084,0.0007980560990723696,-0.706980495716498,-0.7072321614469183
1778148465,921514802,0.0,0.0,1.100000023841858,-0.0008811775843408034,0.0008863628867678058,-0.7069760489745319,-0.7072363848553453
1778148466,172131792,0.0,0.0,1.4600000381469727,-0.0006246348453221814,0.0006959911026216643,-0.7069740555046247,-0.7072388636599652
1778148466,422008882,0.0,0.0,1.8799999952316284,-0.0002694012201013844,0.00037934674622599964,-0.7069755065272222,-0.7072378784324311
1778148466,672076423,0.0,0.0,2.2799999713897705,2.7589357924449766e-05,0.00016773200435439233,-0.7069741384703127,-0.7072393785974882
1778148466,922467675,0.0,0.0,2.619999885559082,0.00010408491071108882,6.932745607695696e-05,-0.7069732041165068,-0.7072403219707395
1778148467,173398925,0.0,0.0,2.890000104904175,0.00013169524910715963,-6.393844673208035e-06,-0.7069719625627555,-0.7072415618200375
1778148467,421517560,0.0,0.0,3.0899999141693115,0.00017055980082437172,-6.999967334727857e-05,-0.7069739555985946,-0.7072395577982588
1778148467,671798977,0.0,0.0,3.2200000286102295,0.0001877189260035836,-0.00014040705800775444,-0.7069740945221779,-0.7072394041072722
1778148467,923284359,0.0,0.0,3.2799999713897705,0.0001210003505392946,-0.00016134630108054722,-0.7069702672023683,-0.7072432400653245
1778148468,173339556,0.0,0.0,3.2799999713897705,-6.726370655436327e-06,-0.00018163394657964515,-0.7069728821050679,-0.7072406315617896
1778148468,424687122,0.0,0.0,3.259999990463257,-5.1631729281560394e-05,-0.0001890266429874867,-0.7069759981647529,-0.7072375128781307
1778148468,675173541,0.0,0.0,3.240000009536743,2.923834415733921e-05,-0.0002502000326322089,-0.7069805352730418,-0.7072329597028876
1778148468,928051427,0.0,-0.011131884530186653,3.2300000190734863,0.00043897313718627883,-0.000351052929224803,-0.7069877686446813,-0.7072255503382497
1778148469,178364919,0.0,-0.011131884530186653,3.2200000286102295,0.0008738344399428209,-0.0007228204921648913,-0.7070025920065007,-0.7072100457714081
1778148469,428326219,0.0,-0.011131884530186653,3.2100000381469727,0.0008378865757771962,-0.0006424586333494256,-0.7070064543134591,-0.7072063056506929
1778148469,678840599,0.0,-0.011131884530186653,3.2100000381469727,0.0004893744740142312,-0.00039354252155097004,-0.7070155203427041,-0.7071977514326833
1778148469,927970033,0.0,-0.011131884530186653,3.2100000381469727,0.000712557403555991,-0.0007746510954297059,-0.7070361205189496,-0.7071766515228994
1778148470,178345176,0.0,-0.011131884530186653,3.2200000286102295,9.148023174325187e-06,-0.0003536831602348376,-0.7070476616380976,-0.7071658072875372
1778148470,428605247,0.0,0.0,3.2200000286102295,-0.000324272796461246,8.013211643842273e-05,-0.7070382738391413,-0.7071752030102334
1778148470,678281685,0.0,0.0,3.2200000286102295,-0.0009410471187263206,0.0011322862882047016,-0.7070223050496113,-0.7071897146596635
1778148470,928021700,0.0,0.0,3.2200000286102295,-0.0008916570462278658,0.0011312198322363817,-0.7070147292548431,-0.707197354283869
1778148471,177891901,0.0,0.0,3.2200000286102295,-0.0005783933063632169,0.0006490524856607899,-0.707002403809475,-0.7072106088002907
1778148471,428220328,0.0,0.0,3.2200000286102295,-0.00013229364359410308,0.0002443007739416964,-0.706983947517168,-0.7072295389536313
1778148471,678862380,0.0,0.0,3.2200000286102295,6.539649924243069e-05,-3.592571534581984e-05,-0.706965414014368,-0.7072481161658434
1778148471,928393874,0.0,0.0,3.2200000286102295,0.0001777919268074666,-0.000112038858398734,-0.7069521448405652,-0.7072613525017815
1778148472,177964297,0.0,0.0,3.2200000286102295,0.00015270386739401983,-0.00022823685898894238,-0.706949638195309,-0.7072638359516108
1778148472,428152345,0.0,0.0,3.2200000286102295,5.576426674642525e-05,-0.000184002501658522,-0.7069533848882908,-0.7072601180813278
1778148472,678331554,0.0,0.0,3.2200000286102295,1.807174463821686e-05,-9.928791768165743e-05,-0.7069598431083379,-0.7072536815369402
1778148472,927846754,0.0,0.0,3.2100000381469727,-4.220226642308529e-06,-7.611021519470665e-05,-0.7069696943830538,-0.7072438373102703
1778148473,178104924,0.0,0.0,3.2200000286102295,-0.00020256727940649706,9.676115298762463e-05,-0.7069811261603638,-0.707232378258236
1778148473,427872931,0.0,0.0,3.2200000286102295,3.711027660668937e-05,-8.251913449938654e-05,-0.7069985291370153,-0.707215010878245
1778148473,678027606,0.0,0.0,3.2200000286102295,0.00013655726863080362,-0.0001348908389888296,-0.7070143278554197,-0.707199196382266
1778148473,928217616,0.0,0.0,3.2200000286102295,0.0001015349846664341,-0.00014973181080964824,-0.7070310190356358,-0.7071825120804827
1778148474,178978808,0.0,0.0,3.2100000381469727,-2.8900216371789207e-05,5.182188105910063e-05,-0.7070345839885218,-0.7071789685245511
1778148474,428281095,0.0,0.0,3.2200000286102295,-0.00022395902674888626,0.0001895210375979897,-0.7070523172744981,-0.7071611800437669
1778148474,679199346,0.0,0.0,3.2200000286102295,-0.00017842903973151012,0.00015407152332027704,-0.7070797844316762,-0.7071337376148148
1778148474,928115844,0.0,0.0,3.2200000286102295,5.854395726611758e-05,-3.7666702049549674e-05,-0.7071126134898692,-0.7071009454083281
1778148475,177912133,0.0,0.0,3.2200000286102295,0.00024989700231960177,-0.00015961686032030093,-0.7071333271345512,-0.7070801720664822
1778148475,428312693,0.0,0.0,3.2200000286102295,0.0001705108691256698,-0.00014291170677955737,-0.707149781863767,-0.7070637428919082
1778148475,678073796,0.0,0.0,3.2200000286102295,-1.3471408489697782e-05,0.00015000876552705757,-0.7071597812852505,-0.7070537610737162
1778148475,930725731,0.0,0.0,3.2200000286102295,-0.0002741962982696065,0.00044283957541696575,-0.70717208916099,-0.7070412753306423
1778148476,180861820,0.0,0.0,3.2200000286102295,-0.00040361385892974903,0.00038086283130376426,-0.7071812826441986,-0.7070320540944822
1778148476,431633605,0.0,0.0,3.2200000286102295,-0.00020739063491034427,0.00015354953294020393,-0.707185783923962,-0.7070277225311019
1778148476,681839502,0.0,0.0,3.2200000286102295,0.00016077539179277112,-0.000226184579780658,-0.707196649698911,-0.7070168467911108
1778148476,932181444,0.0,0.0,3.2200000286102295,0.00026427691653221604,-0.0003778588955929121,-0.7072149735924761,-0.7069984218560601
1778148477,181876008,0.0,0.0,3.2200000286102295,0.00029491479256198546,-0.0003430449586725221,-0.7072354521708613,-0.7069779420449404
1778148477,432433437,0.0,0.0,3.2200000286102295,0.0001766547176939665,-0.0001813014835192643,-0.7072644059581932,-0.7069490759506564
1778148477,681864151,0.0,0.0,3.2200000286102295,0.00011537896622667475,4.349663498087406e-05,-0.7072551212112315,-0.7069583992826051
1778148477,931564535,0.0,0.0,3.2200000286102295,-1.200715316578357e-05,0.0001844251430056997,-0.7072404020579555,-0.7069731109031635
1778148478,181427866,0.0,0.0,3.2200000286102295,-1.339355586199724e-06,9.95882847308573e-05,-0.7072133578136577,-0.7070001814782728
1778148478,432032034,0.0,0.0,3.2200000286102295,3.440230681641956e-05,4.882835243570313e-05,-0.7071775456216286,-0.7070360071459181
1778148478,682377156,0.0,0.0,3.2200000286102295,5.064691722222051e-05,7.351571753305918e-05,-0.7071438475306498,-0.7070697072636316
1778148478,931753917,0.0,0.0,3.2200000286102295,3.262857517296858e-05,7.33204863218421e-05,-0.7071013593657122,-0.7071121984117119
1778148479,181975700,0.0,0.0,3.2200000286102295,3.777835752469429e-06,-6.637599094620282e-05,-0.7070608194576518,-0.7071527368028988
1778148479,431649717,0.0,0.0,3.2200000286102295,5.4540541639428393e-05,2.425208555643651e-06,-0.7070097900545511,-0.7072037569091861
1778148479,681973685,0.0,0.0,3.2200000286102295,-5.2737587696754035e-05,-7.480085129106134e-05,-0.7069697479466464,-0.7072437819534613
1778148479,932089531,0.0,0.0,3.2200000286102295,3.775969485701637e-06,-4.627428752695222e-05,-0.7069348403907769,-0.7072786786593378
1778148480,184101360,0.0,0.0,3.2100000381469727,-3.690692001764978e-05,-0.00012038030697804342,-0.7069005265287763,-0.7073129644929461
1778148480,439142061,0.0,0.0,3.2200000286102295,-1.6811988314115048e-05,-7.483359541854052e-05,-0.7068582719392746,-0.7073551989688861
1778148480,689178291,0.0,0.011131884530186653,3.2200000286102295,-0.0001746191231432962,-6.63534522210183e-05,-0.7068289663110068,-0.7073844622898463
1778148480,939438303,0.0,0.011131884530186653,3.2200000286102295,-0.0007779750000003854,0.0006173679349770195,-0.7068084944345987,-0.7074042449737122
1778148481,189538459,0.0,0.0,3.2200000286102295,-0.000534018371290436,0.0003814992648832632,-0.706780020520578,-0.7074330865004981
1778148481,440182633,0.0,0.0,3.2200000286102295,0.00024397331890547167,-0.00021426265883714356,-0.7067696155867818,-0.7074437115784163
1778148481,689825722,0.0,0.0,3.2200000286102295,0.0004098130849426494,-0.0003732888128547844,-0.7067658652371338,-0.7074473156669004
1778148481,938994020,0.0,0.0,3.2200000286102295,0.0003570603287271622,-0.0002690217117080536,-0.7067699339526434,-0.7074433267731178
1778148482,189393748,0.0,0.0,3.2100000381469727,9.06971632676989e-05,-8.629289918406422e-05,-0.7067743010551818,-0.7074390939830224
1778148482,439333913,0.0,0.0,3.2200000286102295,-3.305548918762706e-05,-6.868314157392918e-05,-0.7067840939728334,-0.7074293171031022
1778148482,689444487,0.0,0.0,3.2200000286102295,-8.35884843644868e-05,-2.5160635067178007e-05,-0.7068037633774416,-0.7074096638125559
1778148482,940736945,0.0,0.0,3.2200000286102295,-2.26382276359305e-05,2.4029972080900363e-05,-0.7068308144842324,-0.7073826394573363
1778148483,191248908,0.0,0.0,3.2200000286102295,4.558007506568525e-05,-0.00011660260782727346,-0.706855582142747,-0.7073578799447466
1778148483,440891284,0.0,0.0,3.2200000286102295,3.873960540517086e-05,-4.689857628312888e-05,-0.7068923128259875,-0.7073211819020357
1778148483,691086783,0.0,0.0,3.2200000286102295,-5.518270989434228e-05,5.670216354234819e-05,-0.7069100421097101,-0.7073034611142385
1778148483,942921848,0.0,0.0,3.2200000286102295,-2.9016144498282272e-06,0.00013045780592126465,-0.7069320143659499,-0.7072814927854693
1778148484,191544426,0.0,0.0,3.2100000381469727,8.848241029802673e-05,7.979618033466673e-05,-0.7069491793959908,-0.7072643378219828
1778148484,441155757,0.0,0.0,3.2200000286102295,-6.390855659674765e-05,-4.529902012806965e-05,-0.7069705876139649,-0.707242944194186
1778148484,690876873,0.0,0.0,3.2200000286102295,-1.956006237690355e-05,5.269630520422183e-05,-0.7069804839398253,-0.7072330536454824
1778148484,940426124,0.0,0.0,3.2200000286102295,1.0278280712622015e-05,0.00016325552374045192,-0.7069898473205762,-0.7072236768007835
1778148485,190583110,0.0,0.0,3.2200000286102295,-0.00022812872424368236,0.00028791946213222597,-0.7069908255600392,-0.7072226223994836
1778148485,440749222,0.0,0.0,3.2200000286102295,-0.00020218219329939117,0.00021317336088964587,-0.7069934664198686,-0.7072200167692491
1778148485,691385317,0.0,0.0,3.2200000286102295,-1.8187668227135488e-05,-4.773470305290185e-05,-0.7069904901937448,-0.7072230512124271
1778148485,940718290,0.0,0.0,3.2200000286102295,-0.00034038397478062263,0.00024949255616795975,-0.7069902353255707,-0.7072231819210317
1778148486,190491143,0.0,0.0,3.2200000286102295,-0.00032941648066055993,0.0005295430444560782,-0.7069714928507378,-0.7072417686798095
1778148486,441185240,0.0,0.0,3.2200000286102295,-0.00037957592833652093,0.00047550117064374146,-0.7069681148986323,-0.7072451585818214
1778148486,692266182,0.0,0.0,3.2200000286102295,-0.00046609227577305135,0.0003084591414358818,-0.7069613967636115,-0.7072519148768651
1778148486,940928112,0.0,0.0,3.2200000286102295,-0.0007672132212288568,0.0006882143937485708,-0.7069514757673345,-0.7072613015394024
1778148487,190602271,0.0,0.0,3.2200000286102295,-0.00038642656189075516,0.000369615655221065,-0.7069420079157426,-0.7072713139261608
1778148487,440715242,0.0,-0.011131884530186653,3.2200000286102295,0.00010847166100331134,-0.00010047961735424872,-0.7069302974660833,-0.707283205415101
1778148487,691675326,0.0,-0.011131884530186653,3.2200000286102295,0.0005694011777991901,-0.0005352820487017563,-0.7069156089683911,-0.7072974699886008
1778148487,942749652,0.0,-0.011131884530186653,3.2200000286102295,0.0005761976811140329,-0.0006737424035350295,-0.7069125511000655,-0.7073004023500928
1778148488,192642904,0.0,-0.011131884530186653,3.2200000286102295,0.0003692599739337201,-0.0005258441509516967,-0.7068961569132366,-0.7073170508875758
1778148488,445691632,0.0,-0.011131884530186653,3.2200000286102295,0.000343600120965377,-0.0001655601956566974,-0.7068893372604711,-0.7073240554344455
1778148488,693938029,0.0,-0.011131884530186653,3.2200000286102295,0.0003832820770587702,-0.00022712333997507207,-0.7068880399102511,-0.7073253145064732
1778148488,943065676,0.0,-0.022263769060373306,3.2200000286102295,0.00037101979468452087,-0.0003982021158082015,-0.7068781074582721,-0.7073351715951912
1778148489,192803901,0.0,-0.022263769060373306,3.2200000286102295,0.0012832802167044267,-0.0014021999833275676,-0.7068707826341956,-0.7073401470899358
1778148489,442607769,0.0,-0.011131884530186653,3.2200000286102295,0.0015115125122688482,-0.001607031500874981,-0.7068632859427714,-0.7073467521420229
1778148489,692742311,0.0,-0.011131884530186653,3.2200000286102295,0.0009050029457188031,-0.0008379359568892999,-0.7068568563510044,-0.7073555424696802
1778148489,943048190,0.0,-0.011131884530186653,3.2200000286102295,0.00016019975220458733,-2.1949348413781922e-05,-0.706859268444565,-0.7073541888391415
1778148490,193143246,0.0,-0.011131884530186653,3.2100000381469727,0.00012619082530164794,7.544786032740948e-05,-0.7068678818662009,-0.7073455845408853
1778148490,444262301,0.0,-0.011131884530186653,3.2200000286102295,0.00028786359428951004,-0.00032438290461946133,-0.7068740014410555,-0.7073393513703256
1778148490,694697694,0.0,-0.011131884530186653,3.2200000286102295,0.0003384545176907143,-0.0008106536524324066,-0.7068908108361553,-0.7073221400780539
1778148490,944321489,0.0,0.0,3.2200000286102295,0.0006459634015302242,-0.0003470307758055213,-0.7069088267328886,-0.7073043001340056
1778148491,194960316,0.0,0.0,3.2200000286102295,-0.000127417413690371,0.0005129106846845986,-0.7069362291482261,-0.7072770946419225
1778148491,444288649,0.0,0.011131884530186653,3.2200000286102295,-0.0005620963784320135,0.0007154398241807883,-0.7069728933698081,-0.7072400584199406
1778148491,695550468,0.0,0.011131884530186653,3.2200000286102295,-0.001320953490213658,0.001245747296873508,-0.7070118858954635,-0.7071993328603253
1778148491,944677136,0.0,0.022263769060373306,3.2200000286102295,-0.0016517996300035344,0.001476584462812051,-0.7070443233509035,-0.7071657627979238
1778148492,198532029,0.0,0.022263769060373306,3.2200000286102295,-0.0015659109402345476,0.0013341156706254827,-0.7070708201663207,-0.7071397480891816
1778148492,447709350,0.0,0.022263769060373306,3.2200000286102295,-0.0009975709099331563,0.0009181631045258002,-0.707090214421116,-0.7071220478097776
1778148492,697578715,0.0,0.022263769060373306,3.2200000286102295,-0.0005332778944885992,0.00048261018536841416,-0.7071106432263043,-0.707102553338749
1778148492,947952765,0.0,0.022263769060373306,3.2200000286102295,-0.00027608170210144427,0.00018061149312834839,-0.7071296486320047,-0.7070838360364066
1778148493,197491215,0.0,0.022263769060373306,3.2200000286102295,-0.00017353847546738667,0.0001612763247553879,-0.7071297912560827,-0.7070837306800895
1778148493,447773927,0.0,0.011131884530186653,3.2200000286102295,3.449613080694031e-05,2.068704703525071e-05,-0.707117234073367,-0.7070963270011337
1778148493,697813170,0.0,0.011131884530186653,3.2200000286102295,0.0005571525741843058,-0.0005970773871357811,-0.7071027975806171,-0.7071102931886
1778148493,948127444,0.0,0.011131884530186653,3.2200000286102295,0.000567517739480577,-0.0005718657957917251,-0.7070791353448227,-0.7071339669773647
1778148494,198873104,0.0,0.0,3.2200000286102295,0.0005275285557211282,-0.000432964706047369,-0.7070512774783961,-0.7071619512327812
1778148494,447974967,0.0,0.0,3.2100000381469727,0.0009361286545208158,-0.0008193736135254409,-0.7070233110635741,-0.7071891471895793
1778148494,697773241,0.0,0.0,3.2200000286102295,0.0006518931623353162,-0.0006794435101334799,-0.7069960634003724,-0.7072168548106006
1778148494,947376909,0.0,0.0,3.2200000286102295,0.00031649378648502836,-0.00033451210195405433,-0.7069660274860123,-0.7072473569508645
1778148495,200491888,0.0,0.0,3.2200000286102295,0.00011408861275970864,-0.0001328109919980344,-0.7069484497342566,-0.7072650555225813
1778148495,448407983,0.0,0.0,3.2200000286102295,-9.980392619397539e-06,0.0002019131166643089,-0.7069236200644144,-0.7072898659860104
1778148495,698098368,0.0,0.0,3.2200000286102295,-0.0002002529464191769,7.998187113667258e-05,-0.7069263304512794,-0.7072871530123718
1778148495,947889846,0.0,0.0,3.2200000286102295,-0.00022840664296864196,7.85917500597791e-06,-0.7069239029780018,-0.7072895751861377
1778148496,197957254,0.0,0.0,3.2200000286102295,-0.00015007268776682294,-2.1885072410389016e-05,-0.7069336594504979,-0.7072798442873649
1778148496,448505626,0.0,0.0,3.2200000286102295,-0.00011867750606036988,7.602975736294635e-05,-0.7069427438701741,-0.7072707664144157
1778148496,698679354,0.0,0.0,3.2100000381469727,-7.000198224308122e-05,6.844018108280701e-05,-0.7069479095304879,-0.7072656103799597
1778148496,947583287,0.0,0.0,3.2200000286102295,-1.1764925975663765e-05,-3.230734180366536e-05,-0.7069592848708081,-0.7072542459065043
1778148497,198420198,0.0,0.0,3.2200000286102295,-2.630527727835675e-06,-2.6073889304327636e-05,-0.7069701385882814,-0.7072433968993267
1778148497,448241058,0.0,0.0,3.2200000286102295,1.332021559856513e-05,0.0001830981642733124,-0.7069843130028762,-0.7072292043358259
1778148497,697896392,0.0,0.0,3.2200000286102295,0.000100678760267371,0.000311621879267707,-0.7069950699650356,-0.7072183989410387
1778148497,947896834,0.0,0.0,3.2200000286102295,-1.3495800967368889e-05,0.00026085177106419994,-0.7070150461171734,-0.707198456119743
1778148498,198871382,0.0,0.0,3.2200000286102295,-0.00020378341235967253,-7.387551708456761e-06,-0.7070392231263893,-0.7071743033924357
1778148498,448979637,0.0,0.0,3.2200000286102295,-0.0005288745454022051,0.0003004954965235794,-0.7070680719832904,-0.7071452266515019
1778148498,699171225,0.0,0.0,3.2200000286102295,-0.0005444391229135258,0.00042563548446718783,-0.7070908602574638,-0.7071223640649726
1778148498,948887173,0.0,0.0,3.2200000286102295,-0.000693511803447848,0.0007173106356135107,-0.7070982367119656,-0.7071146216460663
1778148499,199191981,0.0,0.0,3.2200000286102295,-0.0008666977917142124,0.0010180449707890174,-0.7071013394962885,-0.7071109588331452
1778148499,448846106,0.0,0.0,3.2200000286102295,-0.0008447379405511152,0.0007844642930794559,-0.7071175622288448,-0.7070950602437559
1778148499,698627872,0.0,0.0,3.2200000286102295,-0.0009102866982812728,0.0007023013850430862,-0.707121625022347,-0.707091002330426
1778148499,951645066,0.0,0.0,3.2200000286102295,-0.0006014123598905116,0.0007163274372715791,-0.7071105010792949,-0.7071024426782618
1778148500,199565630,0.0,-0.011131884530186653,3.2200000286102295,-0.00030071652242463813,0.000368052887721872,-0.707105340280529,-0.7071080623592142
1778148500,449436469,0.0,-0.011131884530186653,3.2200000286102295,4.797797246949187e-05,-0.00014156952401824974,-0.707103737153724,-0.7071098094068711
1778148500,699761811,0.0,-0.022263769060373306,3.2200000286102295,0.0002470561079964001,-0.0002474833786374165,-0.707078154930119,-0.7071353198192515
1778148500,948327002,0.0,-0.022263769060373306,3.2200000286102295,0.00039668322740996737,-0.000413668444400666,-0.7070492107116255,-0.7071641147236633
1778148501,198696232,0.0,-0.04452753812074661,3.2200000286102295,0.0010556186359024825,-0.00112507920422865,-0.7070322305508429,-0.7071796411297342
1778148501,448706710,0.0,-0.04452753812074661,3.2200000286102295,0.0016115357908868726,-0.0016492667595127668,-0.7069977286349142,-0.7072120577143908
1778148501,698609772,0.0,-0.055659420788288116,3.2200000286102295,0.001947289109814008,-0.0017427566309568528,-0.7069687176023306,-0.7072399898168684
1778148501,948539714,0.0,-0.055659420788288116,3.2200000286102295,0.001754412242825559,-0.0016954417771850871,-0.7069447644203497,-0.7072645527477811
1778148502,198981800,0.0,-0.04452753812074661,3.2200000286102295,0.0014202154985487687,-0.001254705372178787,-0.7069316673520454,-0.7072793128582396
1778148502,448827958,0.0,-0.04452753812074661,3.2200000286102295,0.0008344495257704388,-0.0008494218045565829,-0.7069132640586188,-0.7072992430892149
1778148502,698572912,0.0,-0.04452753812074661,3.2100000381469727,0.0004706227774868752,-0.0005688922313559685,-0.7068992261323501,-0.7073138899875465
1778148502,950446836,0.0,-0.022263769060373306,3.2200000286102295,0.0008397365298854022,-0.0008739713156344993,-0.7068789849687793,-0.7073334656484226
1778148503,201180517,0.0,-0.022263769060373306,3.2200000286102295,0.0002947224043957062,-0.00030673950096636837,-0.7068557140707803,-0.7073576312835469
1778148503,451048932,0.0,-0.011131884530186653,3.2200000286102295,-0.00040365402758283275,0.00019797507396684757,-0.7068338065668156,-0.7073795075937396
1778148503,702259794,0.0,-0.011131884530186653,3.2200000286102295,-0.000570906738356612,0.000678070684549475,-0.7068010409139344,-0.7074118339755293
1778148503,952772578,0.0,0.0,3.2200000286102295,-0.0002933055554794266,0.0005079756299467069,-0.70679202625044,-0.7074211528936689
1778148504,202217782,0.0,0.011131884530186653,3.2200000286102295,-7.305742481351512e-05,0.00030722307843527013,-0.7068025193009063,-0.7074108417224636
1778148504,452566357,0.0,0.011131884530186653,3.2200000286102295,-0.00037332331777319074,0.00037230055658593337,-0.7068219291114521,-0.7073913220765161
1778148504,703335454,0.0,0.022263769060373306,3.2200000286102295,-0.000543189384843106,0.00038283819674772053,-0.7068514212767163,-0.707361736750931
1778148504,952887677,0.0,0.022263769060373306,3.2200000286102295,-0.0008814533025017951,0.0007482184591390189,-0.706868173363249,-0.7073443635848924
1778148505,204063220,0.0,0.04452753812074661,3.2200000286102295,-0.0008374473459236943,0.0007061028501336658,-0.7068902202684415,-0.7073224276025342
1778148505,453964338,0.0,0.04452753812074661,3.2200000286102295,-0.0019466719805972888,0.0017048110638933124,-0.7069045887600691,-0.7073041824260576
1778148505,703563033,0.0,0.04452753812074661,3.2200000286102295,-0.0017923087469422512,0.001965702816260865,-0.706920237655799,-0.7072882730785676
1778148505,953912464,0.0,0.04452753812074661,3.2200000286102295,-0.0011873807704101708,0.001448064932929804,-0.7069489726568586,-0.7072620753965733
1778148506,203986667,0.0,0.04452753812074661,3.2200000286102295,-0.0005775420809320065,0.0005493594875138922,-0.7069893059020056,-0.707223787771239
1778148506,454871794,0.0,0.022263769060373306,3.2200000286102295,7.341730815379682e-05,-0.0001532370941630896,-0.7070321110229705,-0.7071814230525953
1778148506,703768718,0.0,0.022263769060373306,3.2200000286102295,0.0012743045936016246,-0.001270399250197795,-0.7070752816684617,-0.7071359899531442
1778148506,953760520,0.0,0.011131884530186653,3.2200000286102295,0.001512492810361595,-0.0015527540731947007,-0.70711438543546,-0.7070958543440337
1778148507,204494811,0.0,0.011131884530186653,3.2200000286102295,0.0009226875565048613,-0.0012207567980939244,-0.707162897575511,-0.7070490044495645
1778148507,454862599,0.0,0.011131884530186653,3.2200000286102295,0.00031397157984673597,-0.00039300610704513214,-0.7071984709221425,-0.7070149006162676
1778148507,705498525,0.0,0.011131884530186653,3.2200000286102295,-3.611134805399733e-06,-8.749070453058107e-05,-0.7072400457674276,-0.7069734860624006
1778148507,953627413,0.0,0.011131884530186653,3.2200000286102295,-1.0554799931726457e-05,-5.576568966486153e-05,-0.7072896062975927,-0.7069239065148243
1778148508,206119244,0.0,0.011131884530186653,3.2200000286102295,-2.29526814989829e-06,-0.00012951417862130685,-0.7073487259775186,-0.7068647417142763
1778148508,456016687,0.0,0.011131884530186653,3.2100000381469727,0.00019629561544033352,2.835677224590571e-06,-0.7073864461149163,-0.7068269783425778
1778148508,706069398,0.0,0.011131884530186653,3.2200000286102295,-2.2140432478577074e-05,0.0003545198043262453,-0.7074213269409503,-0.7067920061903747
1778148508,955595552,0.0,0.011131884530186653,3.2200000286102295,-0.0005003825974681851,0.0005766454183925925,-0.7074629791072518,-0.7067499913618748
1778148509,206044582,0.0,0.011131884530186653,3.2200000286102295,-0.0004738529323615002,0.0002712486127426013,-0.7075116772294214,-0.7067014422453087
1778148509,455856887,0.0,0.011131884530186653,3.2200000286102295,-0.0003164924189175523,6.122834369661917e-05,-0.7075606928799218,-0.706652504400093
1778148509,705860388,0.0,0.011131884530186653,3.2200000286102295,-0.00010785508196751943,9.936753007014377e-05,-0.7076049050362017,-0.7066082909661361
1778148509,959760709,0.0,0.011131884530186653,3.2100000381469727,8.965696742651868e-05,2.901718170312017e-05,-0.7076323952543274,-0.7065807698389863
1778148510,205386906,0.0,0.011131884530186653,3.2200000286102295,0.0003113760527056256,0.00039412418107376333,-0.7076246860121328,-0.7065883182287367
1778148510,455471631,0.0,0.011131884530186653,3.2200000286102295,-9.458561506844862e-05,0.00047686687340780246,-0.7076291521738621,-0.7065838567680749
1778148510,705754356,0.0,0.011131884530186653,3.2200000286102295,-0.0004159047954848277,-2.5885914900442377e-05,-0.7076545315756627,-0.7065584832790206
1778148510,955419519,0.0,0.011131884530186653,3.2200000286102295,-0.00014198833345762199,-0.00016277120849321104,-0.7076195905193382,-0.7065935666690513
1778148511,205640496,0.0,0.011131884530186653,3.2100000381469727,1.0757269072284698e-06,-9.344466411227069e-05,-0.7075713087468445,-0.7066419420790243
1778148511,456300819,0.0,0.0,3.2200000286102295,0.00023047411642093882,7.199389011113938e-05,-0.7074947812254367,-0.7067185268813412
1778148511,708818885,0.0,0.0,3.2200000286102295,0.000796486557911174,-0.0004104700508418832,-0.7074146248956987,-0.7067982354301531
1778148511,957076602,0.0,0.0,3.2200000286102295,0.0007347600894719352,-0.0007894613923163371,-0.7073300644950283,-0.7068826046379837
1778148512,207123305,0.0,0.0,3.2200000286102295,0.00039462440095176137,-0.0006251220435970989,-0.7072274324486757,-0.7069857228304308
1778148512,457376335,0.0,0.0,3.2100000381469727,0.0001288035151559436,-0.00020172161974451396,-0.7071099786875451,-0.7071035431664459
1778148512,706970166,0.0,0.0,3.2100000381469727,-0.00014932083290111598,-2.3326731646149044e-05,-0.7070017632279123,-0.7072117674019398
1778148512,957020436,0.0,0.0,3.2100000381469727,-8.665290146392657e-05,-6.984362480638056e-05,-0.7068808651981574,-0.7073326162632734
1778148513,207523556,0.0,0.0,3.2200000286102295,0.00018939777359070154,-0.0002162343043199681,-0.7067744231581315,-0.7074389246717341
1778148513,457114245,0.0,0.0,3.2100000381469727,0.00022088088204751715,-0.000317274283912791,-0.7066799669860713,-0.7075332323002431
1778148513,707100731,0.0,0.0,3.2100000381469727,0.00011856139508007616,-0.00019198623134401526,-0.7065842921219143,-0.7076288484870129
1778148513,957592431,0.0,0.0,3.2200000286102295,7.259357433469826e-06,-0.00017833491548925793,-0.7065000257114656,-0.7077129939556415
1778148514,207055071,0.0,0.011131884530186653,3.2100000381469727,-0.0002987257105160357,0.00024375438618144733,-0.7064319489512021,-0.7077808649912453
1778148514,456792796,0.0,0.011131884530186653,3.2100000381469727,-0.0007546501730161136,0.0006915917011041718,-0.7063724015586185,-0.7078396587648541
1778148514,706920448,0.0,0.011131884530186653,3.2100000381469727,-0.0007822676358728061,0.0007167532312746997,-0.7063234468799454,-0.707888453578517
1778148514,957825774,0.0,0.011131884530186653,3.2100000381469727,-0.0004172919131170863,0.0006730199149991774,-0.706285632562289,-0.7079265344283544
1778148515,207308236,0.0,0.011131884530186653,3.2100000381469727,-0.00018205343744116128,0.00036096233851739076,-0.7062717944338507,-0.7079406676762712
1778148515,457599793,0.0,0.011131884530186653,3.2100000381469727,-7.618667901399365e-05,0.00020231097980029857,-0.7062782404583426,-0.7079343192139542
1778148515,707037280,0.0,0.011131884530186653,3.2200000286102295,0.0006038173354354825,-0.0006012465251648841,-0.7063170877717234,-0.707895080805703
1778148515,957038532,0.0,0.011131884530186653,3.2200000286102295,0.0005210533362093958,-0.00039608814640157896,-0.7063891475264373,-0.7078233846620738
1778148516,207482768,0.0,0.011131884530186653,3.2200000286102295,0.0005560879286207131,-0.0002763708291065412,-0.7064403131377512,-0.7077723492474234
1778148516,456945033,0.0,0.011131884530186653,3.2200000286102295,0.0005629560133861981,-0.0008955434851397104,-0.7065221979933026,-0.7076900909473762
1778148516,708248684,0.0,0.011131884530186653,3.2200000286102295,0.0005793559908173009,-0.0005664666451285217,-0.7066148943336767,-0.7075978621844351
1778148516,957132190,0.0,0.011131884530186653,3.2200000286102295,-5.4033950630019116e-05,0.00024896677465636465,-0.7066959960330349,-0.7075172819703797
1778148517,207119452,0.0,0.011131884530186653,3.2200000286102295,-0.0004869068058370476,0.0005582690142422624,-0.7067956407914953,-0.7074173968850425
1778148517,457856100,0.0,0.011131884530186653,3.2200000286102295,-0.0009173037553478995,0.0007449321325787924,-0.7069155852592767,-0.707296938313374
1778148517,707329988,0.0,0.011131884530186653,3.2200000286102295,-0.001259640771409833,0.0009785175667046,-0.7070278981565993,-0.7071838566007853
1778148517,956906786,0.0,0.011131884530186653,3.2200000286102295,-0.0012770547861109787,0.001043300791716776,-0.7071271225573419,-0.7070845163050209
1778148518,209244527,0.0,0.011131884530186653,3.2200000286102295,-0.001081821896785402,0.0009646017129678993,-0.7072081072557416,-0.7070039548946461
1778148518,457336550,0.0,0.011131884530186653,3.2200000286102295,-0.0009282213440063709,0.0007561899382545689,-0.707281627271782,-0.7069308780253512
1778148518,707624999,0.0,0.011131884530186653,3.2200000286102295,-0.0006859912309128247,0.0005414581175553082,-0.7073444473766303,-0.7068684948451074
1778148518,957114096,0.0,0.0,3.2200000286102295,-0.00035277583758484116,0.000313168593576707,-0.7074096223991305,-0.7068036528002384
1778148519,206995685,0.0,0.0,3.2200000286102295,0.0005132621637181045,-0.0005069907470057542,-0.7074699885264792,-0.7067430189656473
1778148519,458335602,0.0,-0.011131884530186653,3.2200000286102295,0.0012088347393110642,-0.0011332208304405543,-0.7075137056525059,-0.7066976799473603
1778148519,709981724,0.0,-0.011131884530186653,3.2200000286102295,0.0015232350207325196,-0.0010718237638424068,-0.7075302106736836,-0.7066806435250251
1778148519,958379332,0.0,-0.011131884530186653,3.2200000286102295,0.0008994524157909572,-0.0008929380712843064,-0.707588756972137,-0.7066233400147341
1778148520,208600773,0.0,-0.011131884530186653,3.2200000286102295,0.0005416186533916862,-0.000650141298980939,-0.7076388559836189,-0.7065737990243627
1778148520,458363594,0.0,-0.011131884530186653,3.2200000286102295,0.0003890545916859947,-0.00046841642928461435,-0.7076726144845098,-0.7065402323514435
1778148520,708766844,0.0,-0.011131884530186653,3.2200000286102295,0.00033953126334849325,-0.00026760694358541584,-0.70768479543293,-0.7065281618011398
1778148520,963327493,0.0,-0.011131884530186653,3.2200000286102295,0.00030078150741288706,-0.00013498818992518645,-0.7076881079806602,-0.7065248991588526
1778148521,208748708,0.0,-0.011131884530186653,3.2200000286102295,0.0004876413699349656,-8.537841064276419e-05,-0.7076601429745966,-0.7065528125777966
1778148521,459353635,0.0,-0.011131884530186653,3.2200000286102295,0.0002127313237365864,-5.5140902338371505e-06,-0.7076637465152749,-0.7065493447615271
1778148521,708637233,0.0,-0.011131884530186653,3.2200000286102295,5.973177486192077e-05,-1.4614877296225384e-05,-0.7076429323481987,-0.7065702205132643
1778148521,958321581,0.0,-0.011131884530186653,3.2200000286102295,-2.5143671998347308e-06,-4.706461201156111e-05,-0.7076175335687811,-0.7065956580425862
1778148522,210650097,0.0,-0.011131884530186653,3.2200000286102295,-4.892706949439644e-05,-6.650896431491784e-05,-0.7075871655256445,-0.7066260654448601
1778148522,458466798,0.0,-0.011131884530186653,3.2200000286102295,0.0002939746629842956,-3.451960059197621e-05,-0.7075202652691351,-0.7066929931878394
1778148522,709330239,0.0,-0.011131884530186653,3.2200000286102295,0.00025322125479454937,-4.579198711471655e-05,-0.7074648061342534,-0.7067485280235916
1778148522,958461703,0.0,-0.011131884530186653,3.2200000286102295,-7.558865291022293e-05,-0.00012199201858931328,-0.7074238578776377,-0.7067895476800875
1778148523,208228552,0.0,-0.011131884530186653,3.2200000286102295,-0.00012228589667331185,-8.999305340298245e-05,-0.7073751782095905,-0.7068382659423299
1778148523,458427412,0.0,-0.011131884530186653,3.2200000286102295,8.997788353128601e-05,-6.145955576765272e-05,-0.7073111255447089,-0.7069023693604234
1778148523,708366743,0.0,-0.011131884530186653,3.2200000286102295,0.0002680147639085203,0.0001354712937170231,-0.7072209223859391,-0.7069925577792148
1778148523,959572217,0.0,0.0,3.2200000286102295,-0.00045746951805813145,0.00033062221827934754,-0.7071785269414039,-0.7070348028517232
1778148524,208218339,0.0,0.0,3.2200000286102295,-0.0008927739452338241,0.0007055157285554397,-0.707121830474075,-0.7070908159983645
1778148524,458714955,0.0,0.0,3.2200000286102295,-0.0005708105227545789,0.0004901784899135909,-0.7070597953566546,-0.7071533636281461
1778148524,708877268,0.0,0.0,3.2100000381469727,-0.00013784668632736206,0.00015513546205913071,-0.7069887507275139,-0.7072247614980892
1778148524,958488662,0.0,0.0,3.2200000286102295,-8.256812807143354e-05,9.912768117093808e-05,-0.7069177497585626,-0.7072957503283174
1778148525,209719381,0.0,0.0,3.2200000286102295,-0.00017027908803200133,0.00014600614941869723,-0.7068639145396654,-0.7073495288815123
1778148525,458350392,0.0,0.0,3.2200000286102295,4.984542957327693e-06,-0.00011759605815447374,-0.7068093101972397,-0.7074041172942264
1778148525,708349988,0.0,0.0,3.2200000286102295,0.00014522567757609294,-0.00018183293745509978,-0.7067616681807827,-0.707451687563612
1778148525,960094782,0.0,0.0,3.2100000381469727,4.22333111151923e-05,-0.00014611151912231513,-0.7067155578822105,-0.7074977718092172
1778148526,208336759,0.0,0.0,3.2200000286102295,-0.00024159883881144336,3.542621046286809e-05,-0.7066750351446973,-0.7075382216376903
1778148526,458891145,0.0,0.0,3.2200000286102295,-8.120563254050736e-05,0.00019049706777531686,-0.706629112680156,-0.7075840969307944
1778148526,708858187,0.0,0.0,3.2200000286102295,-3.8157307488683015e-05,-6.464245178906488e-05,-0.7066022373937658,-0.7076109612460066
1778148526,959449310,0.0,0.0,3.2100000381469727,5.253695888117089e-05,-0.00010817521672259397,-0.7065785601498707,-0.7076345977088216
1778148527,209712383,0.0,0.0,3.2200000286102295,0.00013745722077444282,-0.00010033535611392105,-0.7065646354248525,-0.7076484911347397
1778148527,459697096,0.0,0.0,3.2200000286102295,0.00020790981360341223,-9.606531333206449e-05,-0.7065641946807442,-0.7076489146039272
1778148527,709667067,0.0,0.0,3.2200000286102295,0.0005376405893872938,-0.0006413251127011527,-0.706577687688821,-0.7076349842291684
1778148527,960187896,0.0,0.0,3.2200000286102295,0.0005980330961641321,-0.0007607191858718914,-0.7065847352172182,-0.7076277804190207
1778148528,210139750,0.0,0.0,3.2200000286102295,0.0008514059566790477,-0.0010095834750756044,-0.7065951471087113,-0.7076168129231543
1778148528,459927233,0.0,0.0,3.2200000286102295,0.0015616265992158284,-0.0014780238698857081,-0.7066097495610215,-0.7076001968577418
1778148528,709693317,0.0,0.011131884530186653,3.2200000286102295,0.002021507425523643,-0.0019493180404780157,-0.7066326998896993,-0.7075749720796376
1778148528,961196572,0.0,0.011131884530186653,3.2200000286102295,0.0015858850969033384,-0.001591057048350095,-0.7066578672069257,-0.7075518441926977
1778148529,210074880,0.0,0.022263769060373306,3.2200000286102295,0.0009483120481796877,-0.0008016959317643506,-0.7066892341839607,-0.7075229920478763
1778148529,460083525,0.0,0.055659420788288116,3.2200000286102295,-0.00049244904540332,0.0006429402982824468,-0.7067341756537215,-0.7074787269485668
1778148529,709907467,0.0,0.055659420788288116,3.2200000286102295,-0.0017404490302370406,0.0017399696012572465,-0.7067786537039,-0.7074304757440565
1778148529,959613912,0.0,0.055659420788288116,3.2200000286102295,-0.001844006792916225,0.0018080845691358157,-0.7068209592747448,-0.7073877734305761
1778148530,209807190,0.0,0.06679131090641022,3.2200000286102295,-0.0018736043070710043,0.0018561229213139082,-0.7068529308187521,-0.7073556238608286
1778148530,461416555,0.0,0.06679131090641022,3.2200000286102295,-0.0019036299449655806,0.0019397362938415293,-0.7068981655612419,-0.7073101138413717
1778148530,710799256,0.0,0.06679131090641022,3.2200000286102295,-0.0016864993123161785,0.0016394356076988538,-0.7069510445210085,-0.7072585726745294
1778148530,960932759,0.0,0.06679131090641022,3.2200000286102295,-0.0014808209144294648,0.0015650653758567678,-0.7069840398657408,-0.7072262191936222
1778148531,210733657,0.0,0.06679131090641022,3.2200000286102295,-0.0013797493284280374,0.0014487323004913095,-0.7070236167401749,-0.7071871059614664
1778148531,460507342,0.0,0.06679131090641022,3.2200000286102295,-0.0016018565453785136,0.001719073955627195,-0.7070488033147492,-0.707160850564795
1778148531,710665527,0.0,0.055659420788288116,3.2200000286102295,-0.0013807121255350941,0.0013484016750168434,-0.7070830190264631,-0.7071279089750111
1778148531,960947372,0.0,0.055659420788288116,3.2200000286102295,-0.0010113002640256418,0.0009983982603824454,-0.7071064742963812,-0.7071056600543026
1778148532,210931165,0.0,0.022263769060373306,3.2200000286102295,-0.0007843569213762488,0.0009517601902472536,-0.7071164282305381,-0.7070960584413171
1778148532,460828159,0.0,0.011131884530186653,3.2200000286102295,0.0005093529673181292,-0.0005418388760840925,-0.707113372664398,-0.7070997985923677
1778148532,711523788,0.0,-0.011131884530186653,3.2200000286102295,0.001677034407829724,-0.0019381455100751185,-0.7071338652408722,-0.7070750510215169
1778148532,961270884,0.0,-0.011131884530186653,3.2200000286102295,0.0022091808349938556,-0.002321979877717218,-0.7071317151132558,-0.7070745826364224
1778148533,210585896,0.0,-0.011131884530186653,3.2200000286102295,0.001395565015171724,-0.0013043788619954378,-0.7071211506461855,-0.7070898311409148
1778148533,461144368,0.0,-0.022263769060373306,3.2200000286102295,0.0007320511246678756,-0.0006388574750564755,-0.7070970899367381,-0.7071158047768934
1778148533,710768436,0.0,-0.022263769060373306,3.2200000286102295,0.0004517498204463517,-0.00034236217020837195,-0.7070638245787882,-0.7071495080124577
1778148533,964871188,0.0,-0.04452753812074661,3.2200000286102295,0.0005033665792530898,-0.0006242340296316514,-0.7070342076190241,-0.707178892650581
1778148534,211043295,0.0,-0.04452753812074661,3.2200000286102295,0.0013105379563395374,-0.0013436708777185657,-0.7070015191055646,-0.7072095368568365
1778148534,460892113,0.0,-0.04452753812074661,3.2200000286102295,0.001119139603221594,-0.0011425762534816165,-0.7069716600718159,-0.7072400680825107
1778148534,711002162,0.0,-0.04452753812074661,3.2200000286102295,0.0006988390177917616,-0.0006910485585130471,-0.7069325959324065,-0.7072802406996717
1778148534,961080896,0.0,-0.04452753812074661,3.2200000286102295,0.00045514201322553396,-0.0005470919269372929,-0.706883292505992,-0.707329841242443
1778148535,211249124,0.0,-0.04452753812074661,3.2200000286102295,0.0006703778237202448,-0.0008745169342767498,-0.7068333519112683,-0.7073792465428896
1778148535,461070052,0.0,-0.04452753812074661,3.2200000286102295,0.0008913743299308817,-0.0008510346543424472,-0.7068326281782993,-0.707379754399558
1778148535,711740625,0.0,-0.022263769060373306,3.2200000286102295,0.0007236807106025692,-0.0005280895659866778,-0.7068414081747174,-0.7073714873369027
1778148535,960602486,0.0,-0.022263769060373306,3.2100000381469727,-0.0004887109416802799,0.000538779120947373,-0.7068350899420087,-0.707377994077669
1778148536,210972922,0.0,-0.011131884530186653,3.2200000286102295,-0.0014053163359383236,0.001392573994022831,-0.7068441661138588,-0.7073665320429507
1778148536,460785579,0.0,-0.011131884530186653,3.2200000286102295,-0.001851640495695929,0.0017923792116722739,-0.7068636783033121,-0.7073451060831253
1778148536,710926889,0.0,-0.011131884530186653,3.2200000286102295,-0.001270233191810117,0.0012321289188757995,-0.7068971961615687,-0.7073140903621801
1778148536,960804195,0.0,-0.011131884530186653,3.2200000286102295,-0.00028064524020956496,0.00026452202118423666,-0.7069336108627602,-0.7072798039664988
1778148537,211392706,0.0,-0.011131884530186653,3.2200000286102295,0.0004660123194465105,-0.00044602745002897935,-0.7069596175824312,-0.7072536199976176
1778148537,460597664,0.0,-0.011131884530186653,3.2100000381469727,0.0005263557208928746,-0.0004953937436590527,-0.7069779753695155,-0.707235194173137
1778148537,710946896,0.0,-0.011131884530186653,3.2200000286102295,0.00013844235403339045,-0.0002594297312784177,-0.7069926575414585,-0.7072208252818885
1778148537,962580083,0.0,-0.011131884530186653,3.2200000286102295,5.8140882930404064e-05,-0.0001389825874143571,-0.707007433777924,-0.7072060985923642
1778148538,212891358,0.0,-0.011131884530186653,3.2200000286102295,7.980127404794058e-05,2.3915314095239022e-05,-0.7070205231387404,-0.7071930238063977
1778148538,463202197,0.0,-0.011131884530186653,3.2200000286102295,8.414701651796883e-05,8.811392007601702e-05,-0.7070287140042808,-0.7071848292551738
1778148538,712684704,0.0,-0.011131884530186653,3.2200000286102295,4.164518474216512e-05,4.703471049258318e-05,-0.7070280562307958,-0.7071854945881718
1778148538,963280168,0.0,-0.011131884530186653,3.2100000381469727,3.6158827912257056e-05,-3.856824885453514e-05,-0.707029420873728,-0.7071841310606385
1778148539,212738951,0.0,-0.011131884530186653,3.2200000286102295,0.00018504939999900444,-0.00036486774121431605,-0.7070267962974351,-0.7071866386928107
1778148539,462683926,0.0,-0.011131884530186653,3.2200000286102295,0.00013174535070776568,-0.00023371612064651865,-0.7070149524658059,-0.707198547092478
1778148539,712486474,0.0,-0.011131884530186653,3.2200000286102295,0.00011606536351115134,-0.000237723650057476,-0.7070065759307588,-0.7072069227651563
1778148539,962576346,0.0,-0.011131884530186653,3.2200000286102295,3.4683707629955995e-05,-7.63206315865506e-05,-0.7069969158209497,-0.7072166245160435
1778148540,217634455,0.0,-0.011131884530186653,3.2200000286102295,-0.0001697087722474006,0.00021061975856291455,-0.7069889993087942,-0.707224491724233
1778148540,462420657,0.0,-0.011131884530186653,3.2100000381469727,-0.0003305186104098947,0.00031946157561097506,-0.7069816472872646,-0.7072317435612854
1778148540,712273764,0.0,-0.011131884530186653,3.2100000381469727,-0.00031421537318360073,0.0003397849814651881,-0.7069752535906649,-0.7072381328981636
1778148540,962934304,0.0,-0.011131884530186653,3.2200000286102295,-0.000457324463888418,0.0004871573810676867,-0.706968024414103,-0.7072451950971749
1778148541,212311522,0.0,-0.011131884530186653,3.2200000286102295,-0.0004652879671998298,0.0005974752649137386,-0.7069651131003803,-0.7072480154722116
1778148541,462957284,0.0,-0.011131884530186653,3.2200000286102295,-0.00038834620741653455,0.0006446670501223944,-0.7069625392676205,-0.7072505932580726
1778148541,712740818,0.0,-0.011131884530186653,3.2200000286102295,-0.00033556198063627553,0.0005480234306872015,-0.7069602365452606,-0.7072530035371682
1778148541,962885303,0.0,-0.011131884530186653,3.2200000286102295,-0.000349841965016405,0.0003954885344546649,-0.7069582527797985,-0.7072550813009078
1778148542,212864936,0.0,-0.011131884530186653,3.2200000286102295,-0.00027469509639527613,0.00022975313995837943,-0.7069569028361652,-0.7072565371125215
1778148542,462676994,0.0,-0.011131884530186653,3.2200000286102295,-0.00013579798277674348,9.076364959265413e-05,-0.7069602311010006,-0.7072532820443377
1778148542,715173200,0.0,-0.011131884530186653,3.2200000286102295,-4.874303011677611e-05,-3.489595184279993e-05,-0.7069683158871821,-0.7072452168364456
1778148542,964535359,0.0,-0.022263769060373306,3.2200000286102295,0.0003107315061614497,-0.0004109983427217467,-0.706975391839079,-0.7072379584413395
1778148543,214825390,0.0,-0.022263769060373306,3.2200000286102295,0.0009400389064876982,-0.000987643500574547,-0.7069772188164931,-0.7072350054696573
1778148543,465133389,0.0,-0.022263769060373306,3.2200000286102295,0.0008846802317086863,-0.000934435998937552,-0.7069837672731875,-0.7072286030573589
1778148543,714906941,0.0,-0.022263769060373306,3.2200000286102295,0.0006896284797074805,-0.0006449528508853742,-0.70699717385841,-0.7072157412024999
1778148543,966402233,0.0,-0.022263769060373306,3.2200000286102295,0.0006989629054738165,-0.0006536684607619532,-0.707005094556954,-0.7072078056971038
1778148544,214688961,0.0,-0.022263769060373306,3.2200000286102295,0.0007224644894663136,-0.0007236163845555727,-0.7070193835627333,-0.7071934287668133
1778148544,464656360,0.0,-0.022263769060373306,3.2200000286102295,0.0009865839384442011,-0.0009646917647113119,-0.7070302578907635,-0.7071819500304374
1778148544,714983362,0.0,-0.022263769060373306,3.2200000286102295,0.0005287352938275321,-0.0005646972144244845,-0.707042732805169,-0.7071704006414885
1778148544,964623294,0.0,-0.022263769060373306,3.2200000286102295,0.0004318034159977213,-0.00045021664120263117,-0.7070341102498429,-0.707179169513638
1778148545,214528600,0.0,-0.011131884530186653,3.2200000286102295,0.00045087954753060853,-0.0005338597086743121,-0.7070324838527259,-0.7071807254715656
1778148545,464716614,0.0,-0.011131884530186653,3.2200000286102295,-8.509321825243638e-05,9.780760775265946e-05,-0.7070362468766267,-0.7071772965780433
1778148545,715626449,0.0,-0.011131884530186653,3.2200000286102295,-0.00032793800846674917,0.0003065869896837059,-0.7070231450444171,-0.7071902649447187
1778148545,965744747,0.0,-0.011131884530186653,3.2200000286102295,-0.00043254147838504977,0.0003869559017083561,-0.707009267438257,-0.7072040433491729
1778148546,214679013,0.0,0.0,3.2200000286102295,-0.000653387494002039,0.0006212326732188225,-0.706997421501587,-0.7072155492810208
1778148546,464854054,0.0,0.0,3.2200000286102295,-0.0005432771843143274,0.0006289284306231695,-0.7069934287219666,-0.7072196271618089
1778148546,715191792,0.0,0.011131884530186653,3.2200000286102295,-0.0004785199082221951,0.00046492602784719997,-0.706987554363552,-0.7072256732030656
1778148546,964580513,0.0,0.011131884530186653,3.2200000286102295,-0.0006165850717210221,0.0006702974181520377,-0.70699160794199,-0.7072213492421026
1778148547,214964485,0.0,0.011131884530186653,3.2200000286102295,-0.00041973893092514704,0.0005096493836157001,-0.7070009432047087,-0.7072122951309514
1778148547,464729170,0.0,0.011131884530186653,3.2200000286102295,-0.0002127856602332112,0.00020568594492776233,-0.7070090002660225,-0.7072044866644968
1778148547,714760565,0.0,0.011131884530186653,3.2200000286102295,-0.00012576186186213177,6.753372135780826e-05,-0.7070146834504478,-0.7071988525221274
1778148547,964656318,0.0,0.011131884530186653,3.2200000286102295,-7.5016576675587e-05,4.752127371650313e-05,-0.7070140678472967,-0.7071994767958044
1778148548,214681304,0.0,0.011131884530186653,3.2200000286102295,-5.48898337325592e-05,0.00016525354000329815,-0.7070130811337477,-0.7072004473868343
1778148548,465277957,0.0,0.011131884530186653,3.2200000286102295,-0.000151059448626631,0.0001531272897606655,-0.7070254183578326,-0.7071881019424803
1778148548,715179279,0.0,0.011131884530186653,3.2200000286102295,-0.0001596733768561765,2.5180950710081955e-05,-0.7070257383473504,-0.7071877962639886
1778148548,964516451,0.0,0.011131884530186653,3.2200000286102295,-0.00019593135482713164,0.00014400999092494858,-0.7070342642339963,-0.7071792488974193
1778148549,215001904,0.0,0.011131884530186653,3.2200000286102295,-0.00016412441706164236,0.00017391005318788226,-0.7070409810845567,-0.7071725347363658
1778148549,465176025,0.0,0.011131884530186653,3.2200000286102295,-5.709839584094681e-05,7.302808566128638e-05,-0.7070560970450323,-0.7071574556194098
1778148549,714298035,0.0,0.011131884530186653,3.2200000286102295,2.708020762557962e-06,9.10307455690915e-05,-0.7070595893165953,-0.7071539640428508
1778148549,966124303,0.0,0.011131884530186653,3.2200000286102295,9.262194743124779e-05,-2.3545137155856246e-06,-0.707058342392235,-0.7071552105932445
1778148550,214267897,0.0,0.011131884530186653,3.2200000286102295,0.00016142853630143084,-0.00012224552716638294,-0.7070516488192329,-0.7071618802642453
1778148550,464691190,0.0,0.011131884530186653,3.2200000286102295,0.00023714275008636983,-0.0004824475946162482,-0.7070438326152558,-0.7071695198241823
1778148550,714666538,0.0,0.011131884530186653,3.2200000286102295,0.0005446827670287982,-0.0007596824645061624,-0.7070475717289529,-0.7071653678705057
1778148550,964213022,0.0,0.011131884530186653,3.2200000286102295,0.000805824262818582,-0.0008140252784495231,-0.7070474121412583,-0.7071652176079173
1778148551,215035233,0.0,0.011131884530186653,3.2200000286102295,0.0007002802963283787,-0.0006424211910821595,-0.7070433550391132,-0.707169563115915
1778148551,464652569,0.0,0.011131884530186653,3.2200000286102295,0.0006644444283823646,-0.0005688371716478316,-0.7070376271771026,-0.707175387505565
1778148551,714566068,0.0,0.011131884530186653,3.2200000286102295,0.0009335018498351605,-0.0009185155195325468,-0.7070399960320837,-0.7071723473909933
1778148551,964784596,0.0,0.022263769060373306,3.2200000286102295,0.0007262181310206016,-0.0008893156971606351,-0.7070407265308639,-0.7071718975974122
1778148552,214527253,0.0,0.022263769060373306,3.2200000286102295,0.00053843051417931,-0.0005230627692434818,-0.7070396051859889,-0.7071735523875037
1778148552,464940279,0.0,0.04452753812074661,3.2200000286102295,-0.0001945199509061663,0.00034030090814663746,-0.7070458184793672,-0.7071676300058722
1778148552,714903861,0.0,0.055659420788288116,3.2200000286102295,-0.0009055256402268135,0.0010113721245383275,-0.70704831242955,-0.7071639421239364
1778148552,964496549,0.0,0.055659420788288116,3.2200000286102295,-0.0010500720970110808,0.001070129096102197,-0.7070476293415795,-0.7071643387606316
1778148553,214813280,0.0,0.055659420788288116,3.2200000286102295,-0.0005256849824244879,0.0004693557723939028,-0.7070528361136341,-0.7071603709938253
1778148553,465093515,0.0,0.055659420788288116,3.2200000286102295,0.000259364884692647,-0.00025821502126061903,-0.7070631451211824,-0.7071503198515866
1778148553,715371311,0.0,0.055659420788288116,3.2100000381469727,0.00040231893736825634,-0.00028819688447875717,-0.7070736011569327,-0.7071397864842531
1778148553,964607118,0.0,0.055659420788288116,3.2200000286102295,0.00015790947292307334,-0.00011987122978078525,-0.7070703497160002,-0.7071431829891169
1778148554,215769465,0.0,0.06679131090641022,3.2200000286102295,-0.00028517469044633803,0.00026763803600810205,-0.7070742978363302,-0.7071391548942386
1778148554,465129604,0.0,0.06679131090641022,3.2200000286102295,-0.0013757689043802917,0.0013874019127082461,-0.7070750958370408,-0.7071357657641804
1778148554,714287176,0.0,0.06679131090641022,3.2200000286102295,-0.0019145625065447867,0.0019675683916736382,-0.7070833520187434,-0.70712488035917
1778148554,965155043,0.0,0.06679131090641022,3.2200000286102295,-0.002228288345002002,0.002356719103795064,-0.7070980780670866,-0.7071080459165696
1778148555,214726109,0.0,0.06679131090641022,3.2200000286102295,-0.0022730505287433247,0.0023456072013398727,-0.7070990045678454,-0.7071070139005221
1778148555,465248026,0.0,0.055659420788288116,3.2200000286102295,-0.002667349639937203,0.0025906972065786044,-0.7071028977599123,-0.7071008877900075
1778148555,715193285,0.0,0.055659420788288116,3.2200000286102295,-0.002452733780552774,0.0020366362073992905,-0.7071103463107125,-0.7070960290867886
1778148555,965265430,0.0,0.022263769060373306,3.2200000286102295,-0.0014506607812240573,0.0014555798214033648,-0.7071229344370666,-0.7070876412891073
1778148556,216538403,0.0,0.011131884530186653,3.2200000286102295,0.00042389425058172086,-0.0003432021924035494,-0.7071264685371513,-0.7070868829359633
1778148556,464556468,0.0,-0.011131884530186653,3.2200000286102295,0.001992809174379017,-0.00191818520800829,-0.707116505072021,-0.7070916471942182
1778148556,714469933,0.0,-0.022263769060373306,3.2200000286102295,0.00219348366931256,-0.0020719085910947898,-0.7071073553037693,-0.7070997694098702
1778148556,965575158,0.0,-0.04452753812074661,3.2200000286102295,0.001975746587417229,-0.0019622434926544184,-0.7070817738969881,-0.7071263048767077
1778148557,215447255,0.0,-0.055659420788288116,3.2200000286102295,0.0023371379082681625,-0.0023928205567607967,-0.7070608795092003,-0.7071447693816713
1778148557,464549875,0.0,-0.055659420788288116,3.2200000286102295,0.002278870323353499,-0.0023281749777344274,-0.707039586134463,-0.7071664655440963
1778148557,714872544,0.0,-0.055659420788288116,3.2200000286102295,0.0016127312382771875,-0.0016494647396164935,-0.7070322995501158,-0.7071774923998226
1778148557,966590633,0.0,-0.055659420788288116,3.2200000286102295,0.0008887311609501201,-0.0009707492582221004,-0.7070268063026398,-0.7071855223152483
1778148558,216948249,0.0,-0.055659420788288116,3.2200000286102295,0.0005150006713324055,-0.0005594652397109965,-0.707021732311198,-0.7071914110144627
1778148558,467034696,0.0,-0.055659420788288116,3.2200000286102295,0.0004707992705731651,-0.0005301599142446409,-0.7070125363977882,-0.7072006579853264
1778148558,718088688,0.0,-0.055659420788288116,3.2200000286102295,0.00039475127734384384,-0.0004419848118119957,-0.7070008629666208,-0.707212435259243
1778148558,966982398,0.0,-0.04452753812074661,3.2200000286102295,0.00039808395746275814,-0.0002656978221452427,-0.7070094929717686,-0.7072038940656598
1778148559,216319626,0.0,-0.04452753812074661,3.2200000286102295,-0.0001923915530894696,0.00028745211222079456,-0.7070114255387289,-0.7072020393879446
1778148559,466832865,0.0,-0.022263769060373306,3.2200000286102295,-0.00030237969709198036,0.00032516858687254457,-0.7070057622463439,-0.7072076462980127
1778148559,717427251,0.0,-0.022263769060373306,3.2200000286102295,-0.001010876799770447,0.0009165465904236131,-0.7070146689481938,-0.7071975650145575
1778148559,966317222,0.0,-0.022263769060373306,3.2200000286102295,-0.0010260915037280571,0.0009700024275565553,-0.7070179506271075,-0.7071941909564597
1778148560,233551068,0.0,-0.011131884530186653,3.2200000286102295,-0.0008086541056643799,0.0008384498769288676,-0.7070416558777243,-0.7071709410984215
1778148560,488901247,0.0,-0.011131884530186653,3.2200000286102295,-0.0010601691345575102,0.001086774035878247,-0.7070619698120966,-0.7071499599158858
1778148560,738896738,0.0,-0.011131884530186653,3.2200000286102295,-0.0005997853053188604,0.0006604360391420463,-0.7070713790019405,-0.7071416188276008
1778148560,988471158,0.0,-0.011131884530186653,3.2200000286102295,-2.854528862698493e-05,6.913719740661076e-05,-0.707088009310541,-0.7071255486082162
1778148561,239235985,0.0,-0.011131884530186653,3.2200000286102295,0.0003103539843777363,-0.00040888464753060285,-0.707108870414339,-0.7071045056249514
1778148561,492563844,0.0,-0.011131884530186653,3.2100000381469727,0.0006903819074896323,-0.000845866800009291,-0.7071242998493615,-0.7070884191137121
1778148561,738868420,0.0,-0.011131884530186653,3.2200000286102295,0.0006346697070922232,-0.0009733383185527583,-0.7071372987377782,-0.7070753075456099
1778148561,988270047,0.0,-0.011131884530186653,3.2200000286102295,6.962767042495206e-05,-0.00042567782335817955,-0.707173663572681,-0.7070397609042725
1778148562,238978762,0.0,-0.011131884530186653,3.2200000286102295,2.0222955364248175e-05,0.00021390800488285444,-0.7072380328630141,-0.7069754724928238
1778148562,488586093,0.0,-0.011131884530186653,3.2200000286102295,0.00018192806840899015,0.00011938956824333484,-0.7072779399870472,-0.7069355474553444
1778148562,738520142,0.0,-0.011131884530186653,3.2100000381469727,0.000584907179297417,-0.00019945938391641586,-0.7073190467699211,-0.7068941817387066
1778148562,988408544,0.0,-0.011131884530186653,3.2200000286102295,0.0006952861642260671,-0.00023635856224494636,-0.7073510148199318,-0.7068620816998127
1778148563,240526547,0.0,-0.011131884530186653,3.2200000286102295,-1.8693108040054844e-05,-0.00026960111375579456,-0.7073635214687392,-0.7068498959900551
1778148563,489178552,0.0,-0.011131884530186653,3.2200000286102295,-0.00032748203055697295,-7.90121801985451e-05,-0.7073840328921853,-0.7068293404505663
1778148563,739124275,0.0,-0.011131884530186653,3.2200000286102295,-0.0001943270299409799,4.361052034254486e-05,-0.7074168011690559,-0.7067965971613535
1778148563,988987456,0.0,-0.011131884530186653,3.2100000381469727,3.1978994763644414e-05,0.00018916777642254763,-0.7074178591760673,-0.7067955402460075
1778148564,238455040,0.0,-0.011131884530186653,3.2200000286102295,0.0005397782925049805,2.384436677012824e-05,-0.7074178884962455,-0.7067953304220074
1778148564,489577212,0.0,-0.011131884530186653,3.2200000286102295,0.0004903677950158829,3.6507404667436755e-06,-0.7074031415600885,-0.7068101264392123
1778148564,738526036,0.0,-0.011131884530186653,3.2200000286102295,0.0001467545907659337,6.403184773955253e-05,-0.7073657917389891,-0.706847657590011
1778148564,988430055,0.0,-0.011131884530186653,3.2200000286102295,-0.00027310464701346335,5.06589039488349e-05,-0.7073082537736003,-0.7069051966079096
1778148565,238831825,0.0,-0.011131884530186653,3.2200000286102295,-0.00048161368523890147,-8.033543537756262e-05,-0.707264119265284,-0.7069492394750688
1778148565,489332791,0.0,-0.011131884530186653,3.2200000286102295,-0.0001180941400816105,-0.0004173808448965963,-0.7072205399976301,-0.7069928710054049
1778148565,738680416,0.0,0.0,3.2200000286102295,-0.00016124560843073604,2.57507516575378e-05,-0.7071796310977156,-0.7070339049135134
1778148565,988611695,0.0,0.0,3.2200000286102295,-0.0004487177251870693,0.0005356614260279947,-0.707133275125123,-0.7070799409755995
1778148566,238915738,0.0,0.0,3.2200000286102295,-0.0006745167847620611,0.0006526625380252165,-0.7070680929458342,-0.7071448444248599
1778148566,488707855,0.0,0.0,3.2200000286102295,-0.0008331061197886803,0.0007585287227652683,-0.7070008866810786,-0.7072117623460022
1778148566,740210107,0.0,0.0,3.2100000381469727,-0.0006318871896628859,0.0006611589280876245,-0.7069365579227369,-0.7072763721911007
1778148566,988871710,0.0,0.0,3.2200000286102295,-9.558662262379256e-05,-6.52639078289035e-05,-0.7068736787900306,-0.707339797295238
1778148567,240161816,0.0,0.0,3.2200000286102295,0.0005337011410939213,-0.0004937449323977652,-0.7068382759930432,-0.7073748108112249
1778148567,489324922,0.0,0.0,3.2200000286102295,0.0004262283686139666,-0.00038315606132941393,-0.7067967740216237,-0.707416420330654
1778148567,739592897,0.0,0.0,3.2200000286102295,0.00019050549140261496,-0.00014420587913576647,-0.7067644592251744,-0.7074488971568682
1778148567,988536195,0.0,0.0,3.2200000286102295,-7.355697700052869e-06,-2.692693465102251e-05,-0.7067205404486255,-0.7074928105138854
1778148568,240003881,0.0,0.0,3.2200000286102295,-0.0001501084623483021,7.050738183011648e-05,-0.7066865481556122,-0.7075267451849888
1778148568,488729670,0.0,0.0,3.2100000381469727,-0.0002238578770592666,0.00023553971630485858,-0.7066599879005514,-0.707553217722233
1778148568,739737881,0.0,0.0,3.2200000286102295,-0.00013646494412467824,0.00028636914071335386,-0.7066461767788467,-0.7075670146451665
1778148568,989585058,0.0,0.0,3.2200000286102295,0.00032015609953859437,-8.352382602416e-05,-0.7066607404223805,-0.7075524634043295
1778148569,238775900,0.0,0.0,3.2200000286102295,0.00037087633710029133,-0.00012158310611895406,-0.7066841554506686,-0.7075290468265355
1778148569,488683598,0.0,0.0,3.2200000286102295,0.00013653050088523273,-0.0001445094642696948,-0.706707517562417,-0.7075057915644245
1778148569,738291385,0.0,0.0,3.2200000286102295,1.0931561597710586e-06,-0.00015287647490925667,-0.7067411644270368,-0.7074721924796086
1778148569,989080147,0.0,0.0,3.2100000381469727,-0.00013670269820994168,8.553980876692658e-05,-0.7067967746346433,-0.7074166335062942
1778148570,238427999,0.0,0.0,3.2200000286102295,-2.6775813949110986e-05,0.00011178267152650787,-0.7068599054600407,-0.7073535614109201
1778148570,488477225,0.0,0.0,3.2200000286102295,0.00013759366346423172,-1.7411238211593578e-05,-0.706929346214095,-0.7072841580483369
1778148570,738912752,0.0,0.0,3.2200000286102295,6.031123234035913e-05,-0.0001050521372607179,-0.7069923077077129,-0.7072212257622973
1778148570,991811427,0.0,0.0,3.2200000286102295,2.629444945325157e-05,-0.00014010480131108798,-0.7070534147567507,-0.7071601292211437
1778148571,239658305,0.0,0.0,3.2200000286102295,-2.721863549689534e-05,-0.00011365658585278859,-0.7071093129957198,-0.7071042397101347
1778148571,488654303,0.0,0.0,3.2200000286102295,-3.6588150749383906e-05,-1.362238382738701e-05,-0.707172320076544,-0.7070412351435353
1778148571,739646960,0.0,0.0,3.2200000286102295,-1.450070278042774e-05,9.16462909386211e-05,-0.7072132525895636,-0.7070002876607454
1778148571,988974451,0.0,0.0,3.2100000381469727,-7.330057286420943e-05,5.611282520077471e-05,-0.7072441213316467,-0.7069694083340551
1778148572,238696265,0.0,0.0,3.2200000286102295,-0.00024703997483433706,7.967878297103998e-05,-0.7072721945621693,-0.7069412814525371
1778148572,488776752,0.0,0.0,3.2200000286102295,-4.40541528945289e-05,6.4530203295223765e-06,-0.7072902436944011,-0.7069232696639042
1778148572,742701494,0.0,0.0,3.2200000286102295,9.615384362732636e-05,3.59038062788454e-05,-0.7072914450632486,-0.7069220616204422
1778148572,988654515,0.0,0.0,3.2200000286102295,5.938589835007689e-05,3.395340881655773e-06,-0.7072761879783915,-0.7069373312964465
1778148573,239217928,0.0,0.0,3.2200000286102295,1.5561204783088265e-05,-1.3572674857375484e-05,-0.7072426141417293,-0.7069709218317288
1778148573,489096522,0.0,0.0,3.2200000286102295,-2.4802753810088004e-06,-4.7108095621186625e-05,-0.7072083448684844,-0.7070052013408772
1778148573,738702023,0.0,0.0,3.2100000381469727,-8.003298056290748e-05,-6.196064302851755e-05,-0.7071826776310389,-0.7070308693502672
1778148573,989126178,0.0,0.0,3.2200000286102295,-1.657561864138501e-05,-0.00012310832957475833,-0.7071504051110381,-0.7070631436589541
1778148574,243995323,0.0,0.0,3.2200000286102295,1.0232507978040033e-05,-1.128788065119429e-05,-0.7071243079666998,-0.707089253807817
1778148574,493116713,0.0,0.0,3.2200000286102295,2.2474959290207144e-05,4.8205346043531534e-05,-0.707095488883869,-0.7071180713086064
1778148574,742836113,0.0,0.0,3.2200000286102295,3.677734045136431e-05,4.835018102664706e-05,-0.707070688300014,-0.7071428696215721
1778148574,992634926,0.0,0.0,3.2200000286102295,4.818879948842435e-05,1.1120199222342401e-05,-0.7070480237905474,-0.7071655319711659
1778148575,243253086,0.0,0.0,3.2200000286102295,7.029473883879677e-05,2.567349643251254e-05,-0.7070445684382552,-0.707168984501924
1778148575,492584713,0.0,0.0,3.2200000286102295,3.271802457804799e-05,4.102294532722967e-05,-0.7070278757631016,-0.7071856758592929
1778148575,743291312,0.0,0.0,3.2200000286102295,-1.7550305089584282e-05,-5.65432179878034e-05,-0.7070244681987307,-0.7071890821153515
1778148575,992423147,0.0,0.0,3.2200000286102295,-4.240714153735481e-05,-7.86929165376474e-08,-0.7070217729944592,-0.7071917778887135
1778148576,242948940,0.0,0.0,3.2200000286102295,-3.926873808669256e-05,4.440847558782503e-05,-0.7070220053035517,-0.7071915444223
1778148576,493248315,0.0,0.0,3.2200000286102295,1.1557933368376234e-06,7.537628365147665e-05,-0.7070276061233354,-0.7071859433675035
1778148576,742729310,0.0,0.0,3.2200000286102295,1.08866547703047e-05,9.044904987253065e-05,-0.7070321749818089,-0.7071813736524336
1778148576,993038044,0.0,0.0,3.2200000286102295,1.3811165989244196e-05,3.984970649849167e-05,-0.7070462603000884,-0.7071672956358434
1778148577,242751160,0.0,0.0,3.2100000381469727,1.296501310060082e-05,-1.2743178662693362e-05,-0.7070555075768946,-0.7071580508448587
1778148577,492812670,0.0,0.0,3.2200000286102295,-3.6068156518842694e-05,1.1863373938221868e-05,-0.7070655626758272,-0.7071479962753655
1778148577,742991278,0.0,0.0,3.2200000286102295,-3.402495627589862e-05,-5.236553852517961e-05,-0.7070753482904141,-0.7071382099279762
1778148577,993190535,0.0,0.0,3.2200000286102295,-1.4624497232263816e-05,-6.792038789979489e-05,-0.707085419867828,-0.7071281384468323
1778148578,244283335,0.0,0.0,3.2200000286102295,0.00010916010873349606,-4.4801938953365546e-05,-0.7071038233281243,-0.7071097291874904
1778148578,493844948,0.0,0.0,3.2200000286102295,9.345132435468013e-05,-8.686988440593303e-05,-0.7071186243364095,-0.7070949263267676
1778148578,744913546,0.0,0.0,3.2100000381469727,-2.8639397063758173e-05,6.03835028538575e-06,-0.707126659218368,-0.7070869019901255
1778148578,994653127,0.0,0.0,3.190000057220459,-0.0017550500711534698,0.0016128298109064415,-0.7071317931461258,-0.7070777508175415
1778148579,247299580,0.0,0.0,3.119999885559082,-0.0023821701145891293,0.0021960980118482134,-0.707139684875485,-0.7070664526713649
1778148579,495929034,0.0,-0.011131884530186653,3.009999990463257,0.0003018740389837904,-0.0003161199745618988,-0.7071546551954065,-0.7070587688273811
1778148579,745184527,0.0,-0.011131884530186653,2.880000114440918,0.0025793264901277967,-0.002571990312466499,-0.7071575544922696,-0.7070466215640967
1778148579,994978338,0.0,-0.011131884530186653,2.740000009536743,0.002932641222458744,-0.0027725828154210705,-0.7071605403425972,-0.7070414999010721
1778148580,245321972,0.0,-0.011131884530186653,2.609999895095825,0.0018306082613069497,-0.0019501509714812447,-0.707159332597721,-0.7070491666811637
1778148580,496060699,0.0,-0.011131884530186653,2.4800000190734863,0.0007545381238847824,-0.0005935611275728332,-0.707158257268421,-0.7070546496095599
1778148580,746018098,0.0,-0.011131884530186653,2.359999895095825,-3.099414552740462e-05,0.0002430408423344297,-0.707146989737063,-0.7070665278998306
1778148580,994777262,0.0,0.0,2.2300000190734863,-0.0004984567016127857,0.0005556093689629561,-0.7071360143864405,-0.7070771527894292
1778148581,245298865,0.0,0.0,2.109999895095825,-0.001357898020867192,0.0011596908431396069,-0.7071208065187656,-0.7070905007270027
1778148581,495468198,0.0,0.011131884530186653,1.9800000190734863,-0.0019676043348139513,0.0016399739673268745,-0.7071203135119836,-0.7070886091836597
1778148581,745941216,0.0,0.011131884530186653,1.8600000143051147,-0.0019534893396400185,0.002058994464214098,-0.7071273849867323,-0.7070804804426593
1778148581,996443420,0.0,0.011131884530186653,1.7300000190734863,-0.001191635930040179,0.0015065360635634385,-0.7071217128884344,-0.7070892401349534
1778148582,246746298,0.0,0.011131884530186653,1.6100000143051147,-0.0002956060754617247,0.0005001314790255353,-0.7071026240008177,-0.7071106996904446
1778148582,496865017,0.0,0.011131884530186653,1.4800000190734863,0.00031246100088140995,-0.0005053536486516728,-0.7070729934878567,-0.7071403176639937
1778148582,745822016,0.0,0.0,1.3600000143051147,0.000677635962262027,-0.0008179642773876299,-0.7070482829211769,-0.7071644768808449
1778148582,995711112,0.0,0.0,1.2300000190734863,0.0011266158355643238,-0.0011606617327233667,-0.7070279093094088,-0.7071837943976569
1778148583,246275146,0.0,0.0,1.1100000143051147,0.0008401925215597906,-0.0008230717307410562,-0.7070247409379241,-0.7071878338398603
1778148583,496229173,0.0,0.0,0.9800000190734863,0.0003854005146222411,-0.0003401801259691939,-0.7070045241488174,-0.707208836608416
1778148583,745930226,0.0,0.0,0.8600000143051147,2.0740280687734524e-05,-4.767553157368171e-05,-0.7069766429374515,-0.7072368935779406
1778148583,996544793,0.0,0.0,0.7300000190734863,-0.00021811313235524453,0.00013713641750034693,-0.7069621234867295,-0.7072513623708325
1778148584,246714125,0.0,0.0,0.6100000143051147,-0.00023962826729250587,0.00016322232954305393,-0.7069351145046981,-0.7072783467751533
1778148584,497039696,0.0,0.0,0.47999998927116394,-0.00021341775332946484,0.00019311134220390843,-0.7069142421975397,-0.7072992092029726
1778148584,747284342,0.0,0.0,0.36000001430511475,-0.00016981675846139605,0.0002465855528628963,-0.7068917178167744,-0.7073217157983228
1778148584,996181517,0.0,0.0,0.23000000417232513,-4.1481158235529136e-05,2.6057685086274722e-05,-0.7068594806499264,-0.7073539935673133
1778148585,250274795,0.0,0.0,0.2199999988079071,9.490147876682122e-06,-5.055146820108262e-06,-0.7068593126911696,-0.7073541630231279
1778148585,497731950,0.0,0.0,0.2199999988079071,1.163724448999668e-06,-6.160375275246627e-07,-0.7068593127295124,-0.7073541630653116
1778148585,747628568,0.0,0.0,0.2199999988079071,1.7610388321216023e-07,-9.33288063728932e-08,-0.706859312729774,-0.7073541630662478
1778148585,997989935,0.0,0.0,0.2199999988079071,7.973719090308036e-08,-4.232532890869931e-08,-0.7068593127297788,-0.7073541630662652
1778148586,247554567,0.0,0.0,0.2199999988079071,7.973719090308036e-08,-4.232532890869931e-08,-0.7068593127297788,-0.7073541630662652
1778148586,497542236,0.0,0.0,0.2199999988079071,7.973719090308036e-08,-4.232532890869931e-08,-0.7068593127297788,-0.7073541630662652
1778148586,747637904,0.0,0.0,0.2199999988079071,7.973719090308036e-08,-4.232532890869931e-08,-0.7068593127297788,-0.7073541630662652
1778148586,997994040,0.0,0.0,0.2199999988079071,7.973719090308036e-08,-4.232532890869931e-08,-0.7068593127297788,-0.7073541630662652
1778148587,247950856,0.0,0.0,0.2199999988079071,7.973719090308036e-08,-4.232532890869931e-08,-0.7068593127297788,-0.7073541630662652
1778148587,499690341,0.0,0.0,0.2199999988079071,7.973719090308036e-08,-4.232532890869931e-08,-0.7068593127297788,-0.7073541630662652
1778148587,752247352,0.0,0.0,0.2199999988079071,7.973719090308036e-08,-4.232532890869931e-08,-0.7068593127297788,-0.7073541630662652
