time_sec,time_nsec,j1,j2
9,632000000,0.0,1.5707963267948966
9,682000000,0.0,1.5707963267948968
9,732000000,0.0,1.5707963267948972
9,782000000,0.0,1.5707963267948977
9,832000000,0.0,1.5707963267948977
9,882000000,0.0,1.5707963267948977
9,932000000,0.0,1.5707963267948977
9,982000000,0.0,1.5707963267948977
10,32000000,0.0,1.5707963267948977
10,82000000,0.0,1.5707963267948977
10,132000000,0.0,1.5707963267948977
10,182000000,0.0,1.5707963267948977
10,232000000,0.0,1.5707963267948977
10,282000000,0.0,1.5707963267948977
10,332000000,0.0,1.5707963267948977
10,382000000,0.0,1.5707963267948977
10,432000000,0.0,1.5707963267948977
10,482000000,0.0,1.5707963267948977
10,532000000,0.0,1.5707963267948977
10,582000000,0.0,1.5707963267948977
10,632000000,0.0,1.5707963267948977
10,682000000,0.0,1.5707963267948977
10,732000000,0.0,1.5707963267948977
10,782000000,0.0,1.5707963267948977
10,832000000,0.0,1.5707963267948977
10,882000000,0.0,1.5707963267948977
10,932000000,0.0,1.5707963267948977
10,982000000,0.0,1.5707963267948977
11,32000000,0.0,1.5707963267948977
11,82000000,0.0,1.5707963267948977
11,132000000,0.0,1.5707963267948977
11,182000000,0.0,1.5707963267948977
11,232000000,0.0,1.5707963267948977
11,282000000,0.0,1.5707963267948977
11,332000000,0.0,1.5707963267948977
11,382000000,0.0,1.5707963267948977
11,432000000,0.0,1.5707963267948977
11,482000000,0.0,1.5707963267948977
11,529000000,0.0,1.5707963267948977
11,579000000,0.0,1.5707963267948977
11,628000000,0.0,1.5707963267948977
11,679000000,0.0,1.5707963267948977
11,729000000,0.0,1.5707963267948977
11,779000000,0.0,1.5707963267948977
11,829000000,0.0,1.5707963267948977
11,879000000,0.0,1.5707963267948977
11,929000000,0.0,1.5707963267948977
11,979000000,0.0,1.5707963267948977
12,29000000,0.0,1.5707963267948977
12,79000000,0.0,1.5707963267948977
12,128000000,0.0,1.5707963267948977
12,179000000,0.0,1.5707963267948977
12,229000000,0.0,1.5707963267948977
12,278000000,0.0,1.5707963267948977
12,329000000,0.0,1.5707963267948977
12,379000000,0.0,1.5707963267948977
12,429000000,0.0,1.5707963267948977
12,478000000,0.0,1.5707963267948977
12,528000000,0.0,1.5707963267948977
12,578000000,0.0,1.5707963267948977
12,628000000,0.0,1.5707963267948977
35,210000000,0.0,1.5707963267948977
35,260000000,0.0,1.5707963267948977
35,310000000,0.0,1.5707963267948977
35,360000000,0.0,1.5707963267948977
35,409000000,7.47998250854667e-05,1.5707963267948977
35,459000000,0.0003739991254273,1.5707963267948977
35,509000000,0.000972397726111,1.5707963267948977
35,559000000,0.0017951958020512,1.5707963267948977
35,609000000,0.0032911923037606,1.5707963267948977
35,659000000,0.004936788455641,1.5707963267948977
35,709000000,0.0072555830332906,1.5707963267948977
35,759000000,0.0096491774360257,1.5707963267948977
35,809000000,0.0125663706143591,1.5707963267948977
35,859000000,0.0160071625682907,1.5707963267948977
35,909000000,0.0203455524232481,1.5707963267948977
35,959000000,0.0248335419283764,1.5707963267948977
36,9000000,0.0297703303840175,1.5707963267948977
36,59000000,0.0348567184898296,1.5707963267948977
36,109000000,0.0406911048464963,1.5707963267948977
36,159000000,0.0474230891041887,1.5707963267948977
36,209000000,0.0547534719625649,1.5707963267948977
36,259000000,0.0626074535965394,1.5707963267948977
36,309000000,0.0709850340061122,1.5707963267948977
36,359000000,0.0799610130163688,1.5707963267948977
36,409000000,0.089834589927651,1.5707963267948977
36,459000000,0.1003065654396169,1.5707963267948977
36,509000000,0.1113021397271812,1.5707963267948977
36,559000000,0.1228213127903438,1.5707963267948977
36,609000000,0.1349388844541902,1.5707963267948977
36,659000000,0.1479540540190622,1.5707963267948977
36,709000000,0.161567622184618,1.5707963267948977
36,759000000,0.1757047891257721,1.5707963267948977
36,809000000,0.1903655548425244,1.5707963267948977
36,859000000,0.2057743188101315,1.5707963267948977
36,909000000,0.221557081903166,1.5707963267948977
36,959000000,0.2382374428972261,1.5707963267948977
37,9000000,0.2552170031916281,1.5707963267948977
37,59000000,0.2727949620867138,1.5707963267948977
37,109000000,0.2906721202821415,1.5707963267948977
37,159000000,0.3094468763785948,1.5707963267948977
37,209000000,0.3285956316004754,1.5707963267948977
37,259000000,0.3486419847233818,1.5707963267948977
37,309000000,0.368837937496459,1.5707963267948977
37,359000000,0.38963228887022,1.5707963267948977
37,409000000,0.4102022407687247,1.5707963267948977
37,459000000,0.4314453910929985,1.5707963267948977
37,509000000,0.4532869400179561,1.5707963267948977
37,559000000,0.4753528884181701,1.5707963267948977
37,609000000,0.4976432362936406,1.5707963267948977
37,659000000,0.520531982769795,1.5707963267948977
37,709000000,0.5434207292459492,1.5707963267948977
37,759000000,0.5669078743227871,1.5707963267948977
37,809000000,0.5904698192247106,1.5707963267948977
37,859000000,0.6142561636018904,1.5707963267948977
37,909000000,0.6381173078041559,1.5707963267948977
37,959000000,0.6624272509569339,1.5707963267948977
38,9000000,0.6867371941097121,1.5707963267948977
38,59000000,0.7112715367377468,1.5707963267948977
38,109000000,0.735431880240354,1.5707963267948977
38,159000000,0.7598166232182177,1.5707963267948977
38,209000000,0.7843509658462522,1.5707963267948977
38,259000000,0.8089601082993724,1.5707963267948977
38,309000000,0.8335692507524923,1.5707963267948977
38,359000000,0.8582531930306979,1.5707963267948977
38,409000000,0.8822639368831342,1.5707963267948977
38,459000000,0.906349480560656,1.5707963267948977
38,509000000,0.9305846238883486,1.5707963267948977
38,559000000,0.9545205679156994,1.5707963267948977
38,609000000,0.9786809114183068,1.5707963267948977
38,659000000,1.00224285632023,1.5707963267948977
38,709000000,1.0253560022716408,1.5707963267948977
38,759000000,1.048319548572881,1.5707963267948977
38,809000000,1.0709090957486929,1.5707963267948977
38,859000000,1.0931994436241632,1.5707963267948977
38,909000000,1.115564591324719,1.5707963267948977
38,959000000,1.1373313404245913,1.5707963267948977
39,9000000,1.1587988902241215,1.5707963267948977
39,59000000,1.1797428412480535,1.5707963267948977
39,109000000,1.200387592971644,1.5707963267948977
39,159000000,1.220583545744721,1.5707963267948977
39,209000000,1.2406298988676272,1.5707963267948977
39,259000000,1.259928253739679,1.5707963267948977
39,309000000,1.2783290107107048,1.5707963267948977
39,359000000,1.2959817694308762,1.5707963267948977
39,409000000,1.3134849285008765,1.5707963267948977
39,459000000,1.330539288620364,1.5707963267948977
39,509000000,1.3474440490896806,1.5707963267948977
39,559000000,1.3636008113081424,1.5707963267948977
39,609000000,1.3788599756255782,1.5707963267948977
39,659000000,1.3935207413423307,1.5707963267948977
39,709000000,1.4078075079336556,1.5707963267948977
39,759000000,1.4210470769737842,1.5707963267948977
39,809000000,1.4338378470634,1.5707963267948977
39,859000000,1.445880618902161,1.5707963267948977
39,909000000,1.4574745917904086,1.5707963267948977
39,959000000,1.4686945655532295,1.5707963267948977
40,9000000,1.479540540190623,1.5707963267948977
40,59000000,1.489264517451734,1.5707963267948977
40,109000000,1.4982404964619906,1.5707963267948977
40,159000000,1.5066180768715631,1.5707963267948977
40,209000000,1.5144720585055378,1.5707963267948977
40,259000000,1.521802441363914,1.5707963267948977
40,309000000,1.5285344256216065,1.5707963267948977
40,359000000,1.5343688119782732,1.5707963267948977
40,409000000,1.539455200084085,1.5707963267948977
40,459000000,1.5443919885397266,1.5707963267948977
40,509000000,1.5488799780448548,1.5707963267948977
40,559000000,1.5532183678998122,1.5707963267948977
40,609000000,1.5566591598537434,1.5707963267948977
40,659000000,1.559576353032077,1.5707963267948977
40,709000000,1.561969947434812,1.5707963267948977
40,759000000,1.5642887420124616,1.5707963267948977
40,809000000,1.5659343381643418,1.5707963267948977
40,859000000,1.5674303346660514,1.5707963267948977
40,909000000,1.5682531327419915,1.5707963267948977
40,959000000,1.5688515313426752,1.5707963267948977
41,9000000,1.5691507306430172,1.5707963267948977
41,59000000,1.5693751301182737,1.5707963267948977
41,109000000,1.5690759308179316,1.5707963267948977
41,159000000,1.569300330293188,1.5707963267948977
41,208000000,1.569749129243701,1.5707963267948977
41,258000000,1.5702727280192994,1.5707963267948977
41,308000000,1.5707215269698125,1.5707963267948977
41,358000000,1.5709459264450687,1.5707963267948977
41,408000000,1.5707963267948977,1.5707963267948977
41,448000000,1.5707963267948977,1.5707963267948977
41,492000000,1.5707963267948977,1.5707963267948977
41,537000000,1.5707963267948977,1.5707963267948977
41,587000000,1.5707963267948977,1.5707963267948977
41,637000000,1.5707963267948977,1.5707963267948977
41,687000000,1.5707963267948977,1.5707963267948977
41,737000000,1.5707963267948977,1.5707963267948977
41,787000000,1.5707963267948977,1.5707963267948977
41,837000000,1.5707963267948977,1.5707963267948977
41,887000000,1.5707963267948977,1.5707963267948977
41,937000000,1.5707963267948977,1.5707963267948977
41,987000000,1.5707963267948977,1.5707963267948977
42,37000000,1.5707963267948977,1.5707963267948977
42,87000000,1.5707963267948977,1.5707963267948977
42,137000000,1.5707963267948977,1.5707963267948977
42,187000000,1.5707963267948977,1.5707963267948977
42,237000000,1.5707963267948977,1.5707963267948977
42,287000000,1.5707963267948977,1.5707963267948977
42,337000000,1.5707963267948977,1.5707963267948977
42,387000000,1.5707963267948977,1.5707963267948977
42,437000000,1.5707963267948977,1.5707963267948977
42,487000000,1.5707963267948977,1.5707963267948977
42,537000000,1.5707963267948977,1.5707963267948977
42,587000000,1.5707963267948977,1.5707963267948977
42,637000000,1.5707963267948977,1.5707963267948977
42,687000000,1.5707963267948977,1.5707963267948977
42,737000000,1.5707963267948977,1.5707963267948977
42,787000000,1.5707963267948977,1.5707963267948977
42,837000000,1.5707963267948977,1.5707963267948977
42,887000000,1.5707963267948977,1.5707963267948977
42,937000000,1.5707963267948977,1.5707963267948977
42,987000000,1.5707963267948977,1.5707963267948977
43,37000000,1.5707963267948977,1.5707963267948977
43,87000000,1.5707963267948977,1.5707963267948977
43,137000000,1.5707963267948977,1.5707963267948977
43,187000000,1.5707963267948977,1.5707963267948977
43,237000000,1.5707963267948977,1.5707963267948977
43,287000000,1.5707963267948977,1.5707963267948977
43,337000000,1.5707963267948977,1.5707963267948977
43,387000000,1.5707963267948977,1.5707963267948977
43,437000000,1.5707963267948977,1.5707963267948977
43,487000000,1.5707963267948977,1.5707963267948977
43,537000000,1.5707963267948977,1.5707963267948977
43,587000000,1.5707963267948977,1.5707963267948977
43,637000000,1.5707963267948977,1.5707963267948977
43,687000000,1.5707963267948977,1.5707963267948977
43,737000000,1.5707963267948977,1.5707963267948977
43,787000000,1.5707963267948977,1.5707963267948977
43,837000000,1.5707963267948977,1.5707963267948977
43,887000000,1.5707963267948977,1.5707963267948977
43,937000000,1.5707963267948977,1.5707963267948977
43,987000000,1.5707963267948977,1.5707963267948977
44,37000000,1.5707963267948977,1.5707963267948977
44,87000000,1.5707963267948977,1.5707963267948977
44,137000000,1.5707963267948977,1.5707963267948977
44,187000000,1.5707963267948977,1.5707963267948977
44,237000000,1.5707963267948977,1.5707963267948977
44,287000000,1.5707963267948977,1.5707963267948977
44,337000000,1.5707963267948977,1.5707963267948977
44,387000000,1.5707963267948977,1.5707963267948977
44,437000000,1.5707963267948977,1.5707963267948977
44,487000000,1.5707963267948977,1.5707963267948977
44,537000000,1.5707963267948977,1.5707963267948977
44,587000000,1.5707963267948977,1.5706467271447269
44,637000000,1.5707963267948977,1.5708711266199833
44,687000000,1.5707963267948977,1.571170325920325
44,737000000,1.5707963267948977,1.571768724521009
44,787000000,1.5707963267948977,1.57274112224712
44,837000000,1.5707963267948977,1.574012719273573
44,887000000,1.5707963267948977,1.5753591161251117
44,937000000,1.5707963267948977,1.5769299124519065
44,987000000,1.5707963267948977,1.5787251082539575
45,37000000,1.5707963267948977,1.5805951038810946
45,87000000,1.5707963267948977,1.5827642988085733
45,137000000,1.5707963267948977,1.5853074928614792
45,187000000,1.5707963267948977,1.5881498862147272
45,237000000,1.5707963267948977,1.5909174797428896
45,287000000,1.5707963267948977,1.5944330715219068
45,337000000,1.5707963267948977,1.5978738634758385
45,387000000,1.5707963267948977,1.6016138547301118
45,437000000,1.5707963267948977,1.605578245459642
45,487000000,1.5707963267948977,1.6102158346149409
45,537000000,1.5707963267948977,1.6150030234204111
45,587000000,1.5707963267948977,1.620463410651651
45,637000000,1.5707963267948977,1.6261481973581466
45,687000000,1.5707963267948977,1.6321321833649842
45,737000000,1.5707963267948977,1.6380413695467366
45,787000000,1.5707963267948977,1.6446985539793433
45,837000000,1.5707963267948977,1.651280938586865
45,887000000,1.5707963267948977,1.6581625224947285
45,937000000,1.5707963267948977,1.6652685058778478
45,987000000,1.5707963267948977,1.6730476876867368
46,37000000,1.5707963267948977,1.6809764691457971
46,87000000,1.5707963267948977,1.6897280486807973
46,137000000,1.5707963267948977,1.6983300285656262
46,187000000,1.5707963267948977,1.707006808275541
46,237000000,1.5707963267948977,1.7155339883352847
46,287000000,1.5707963267948977,1.7248839664709688
46,337000000,1.5707963267948977,1.7343835442568236
46,387000000,1.5707963267948977,1.7447059201186184
46,437000000,1.5707963267948977,1.7548786963302423
46,487000000,1.5707963267948977,1.765126272366952
46,537000000,1.5707963267948977,1.7753738484036616
46,587000000,1.5707963267948977,1.7860702233908838
46,637000000,1.5707963267948977,1.796841398203192
46,687000000,1.5707963267948977,1.8078369724907564
46,737000000,1.5707963267948977,1.819056946253577
46,787000000,1.5707963267948977,1.8303517198414836
46,837000000,1.5707963267948977,1.842095292379902
46,887000000,1.5707963267948977,1.8538388649183208
46,937000000,1.5707963267948977,1.8656572372818252
46,987000000,1.5707963267948977,1.8776252092955008
47,37000000,1.5707963267948977,1.8896679811342616
47,87000000,1.5707963267948977,1.901561153322852
47,137000000,1.5707963267948977,1.913753524811784
47,187000000,1.5707963267948977,1.9260206961258013
47,237000000,1.5707963267948977,1.9381382677896477
47,287000000,1.5707963267948977,1.9504054391036647
47,337000000,1.5707963267948977,1.9624482109424253
47,387000000,1.5707963267948977,1.974565782606272
47,437000000,1.5707963267948977,1.9870573533955451
47,487000000,1.5707963267948977,1.9995489241848197
47,537000000,1.5707963267948977,2.0116664958486656
47,587000000,1.5707963267948977,2.023858867337597
47,637000000,1.5707963267948977,2.035752039526188
47,687000000,1.5707963267948977,2.047794811364948
47,737000000,1.5707963267948977,2.059912383028794
47,787000000,1.5707963267948977,2.071356756266872
47,837000000,1.5707963267948977,2.0828759293300347
47,887000000,1.5707963267948977,2.094544702043368
47,937000000,1.5707963267948977,2.10591427545636
47,987000000,1.5707963267948977,2.117358648694436
48,37000000,1.5707963267948977,2.128728222107428
48,87000000,1.5707963267948977,2.139349797269565
48,137000000,1.5707963267948977,2.150046172256788
48,187000000,1.5707963267948977,2.1604433479436684
48,237000000,1.5707963267948977,2.1703169248549505
48,287000000,1.5707963267948977,2.1802653015913185
48,337000000,1.5707963267948977,2.190512877628028
48,387000000,1.5707963267948977,2.200087255238968
48,437000000,1.5707963267948977,2.209661632849908
48,487000000,1.5707963267948977,2.2185628120350795
48,537000000,1.5707963267948977,2.2270899920948235
48,587000000,1.5707963267948977,2.235691971979653
48,637000000,1.5707963267948977,2.2444435515146526
48,687000000,1.5707963267948977,2.252372332973713
48,737000000,1.5707963267948977,2.260151514782601
48,787000000,1.5707963267948977,2.267257498165721
48,837000000,1.5707963267948977,2.2741390820735843
48,887000000,1.5707963267948977,2.280721466681106
48,937000000,1.5707963267948977,2.2873786511137126
48,987000000,1.5707963267948977,2.2932878372954653
49,37000000,1.5707963267948977,2.299271823302303
49,87000000,1.5707963267948977,2.304956610008799
49,137000000,1.5707963267948977,2.3104169972400377
49,187000000,1.5707963267948977,2.315204186045508
49,237000000,1.5707963267948977,2.319841775200808
49,287000000,1.5707963267948977,2.3238061659303373
49,337000000,1.5707963267948977,2.327546157184611
49,387000000,1.5707963267948977,2.3309869491385427
49,437000000,1.5707963267948977,2.33450254091756
49,487000000,1.5707963267948977,2.3372701344457223
49,537000000,1.5707963267948977,2.3401125277989703
49,587000000,1.5707963267948977,2.3426557218518766
49,637000000,1.5707963267948977,2.344824916779355
49,687000000,1.5707963267948977,2.346694912406492
49,737000000,1.5707963267948977,2.3484901082085434
49,787000000,1.5707963267948977,2.3500609045353382
49,837000000,1.5707963267948977,2.3514073013868764
49,887000000,1.5707963267948977,2.352678898413329
49,937000000,1.5707963267948977,2.35365129613944
49,987000000,1.5707963267948977,2.354249694740124
50,37000000,1.5707963267948977,2.354548894040466
50,87000000,1.5707963267948977,2.3547732935157226
50,137000000,1.5707963267948977,2.354623693865552
50,187000000,1.5707963267948977,2.354623693865552
50,237000000,1.5707963267948977,2.354474094215381
50,287000000,1.5707963267948977,2.354698493690637
50,337000000,1.5707963267948977,2.35514729264115
50,387000000,1.5707963267948977,2.3556708914167483
50,437000000,1.5707963267948977,2.3561196903672608
50,487000000,1.5707963267948977,2.3563440898425174
50,537000000,1.5707963267948977,2.3561944901923466
50,587000000,1.5707963267948977,2.3561944901923466
50,637000000,1.5707963267948977,2.3561944901923466
50,687000000,1.5707963267948977,2.3561944901923466
50,737000000,1.5707963267948977,2.3561944901923466
50,787000000,1.5707963267948977,2.3561944901923466
50,837000000,1.5707963267948977,2.3561944901923466
50,887000000,1.5707963267948977,2.3561944901923466
50,937000000,1.5707963267948977,2.3561944901923466
50,987000000,1.5707963267948977,2.3561944901923466
51,37000000,1.5707963267948977,2.3561944901923466
51,87000000,1.5707963267948977,2.3561944901923466
51,137000000,1.5707963267948977,2.3561944901923466
51,187000000,1.5707963267948977,2.3561944901923466
51,237000000,1.5707963267948977,2.3561944901923466
51,287000000,1.5707963267948977,2.3561944901923466
51,337000000,1.5707963267948977,2.3561944901923466
51,387000000,1.5707963267948977,2.3561944901923466
51,437000000,1.5707963267948977,2.3561944901923466
51,487000000,1.5707963267948977,2.3561944901923466
51,530000000,1.5707963267948977,2.3561944901923466
51,572000000,1.5707963267948977,2.3561944901923466
51,615000000,1.5707963267948977,2.3561944901923466
51,665000000,1.5707963267948977,2.3561944901923466
51,715000000,1.5707963267948977,2.3561944901923466
51,765000000,1.5707963267948977,2.3561944901923466
51,815000000,1.5707963267948977,2.3561944901923466
51,865000000,1.5707963267948977,2.3561944901923466
51,915000000,1.5707963267948977,2.3561944901923466
51,965000000,1.5707963267948977,2.3561944901923466
52,15000000,1.5707963267948977,2.3561944901923466
52,65000000,1.5707963267948977,2.3561944901923466
52,115000000,1.5707963267948977,2.3561944901923466
52,165000000,1.5707963267948977,2.3561944901923466
52,215000000,1.5707963267948977,2.3561944901923466
52,265000000,1.5707963267948977,2.3561944901923466
52,315000000,1.5707963267948977,2.3561944901923466
52,365000000,1.5707963267948977,2.3561944901923466
52,415000000,1.5707963267948977,2.3561944901923466
52,465000000,1.5707963267948977,2.3561944901923466
52,515000000,1.5707963267948977,2.3561944901923466
52,565000000,1.5707963267948977,2.3561944901923466
52,615000000,1.5707963267948977,2.3561944901923466
52,665000000,1.5707963267948977,2.3561944901923466
52,715000000,1.5707963267948977,2.3561944901923466
52,765000000,1.5707963267948977,2.3561944901923466
52,815000000,1.5707963267948977,2.3561944901923466
52,865000000,1.5707963267948977,2.3561944901923466
52,915000000,1.5707963267948977,2.3561944901923466
52,965000000,1.5707963267948977,2.3561944901923466
53,15000000,1.5707963267948977,2.3561944901923466
53,65000000,1.5707963267948977,2.3561944901923466
53,115000000,1.5707963267948977,2.3561944901923466
53,165000000,1.5707963267948977,2.3561944901923466
53,215000000,1.5707963267948977,2.3561944901923466
53,265000000,1.5707963267948977,2.3561944901923466
53,315000000,1.5707963267948977,2.3561944901923466
53,365000000,1.5707963267948977,2.3561944901923466
53,415000000,1.5707963267948977,2.3561944901923466
53,465000000,1.5707963267948977,2.3561944901923466
53,515000000,1.5707963267948977,2.3561944901923466
53,565000000,1.5707963267948977,2.3561944901923466
53,615000000,1.5707963267948977,2.3561944901923466
53,665000000,1.5707963267948977,2.3561944901923466
53,715000000,1.5707963267948977,2.356044890542176
53,765000000,1.5707963267948977,2.356269290017432
53,815000000,1.5707963267948977,2.356568489317774
53,865000000,1.5707963267948977,2.357166887918458
53,915000000,1.5707963267948977,2.3581392856445693
53,965000000,1.5707963267948977,2.359410882671022
54,14000000,1.5707963267948977,2.360757279522561
54,64000000,1.5707963267948977,2.3623280758493554
54,114000000,1.5707963267948977,2.364123271651407
54,164000000,1.5707963267948977,2.365993267278544
54,214000000,1.5707963267948977,2.368162462206022
54,264000000,1.5707963267948977,2.370705656258928
54,314000000,1.5707963267948977,2.373548049612176
54,364000000,1.5707963267948977,2.3763156431403383
54,414000000,1.5707963267948977,2.3798312349193558
54,464000000,1.5707963267948977,2.3832720268732874
54,514000000,1.5707963267948977,2.387012018127561
54,564000000,1.5707963267948977,2.3909764088570906
54,614000000,1.5707963267948977,2.39561399801239
54,664000000,1.5707963267948977,2.4004011868178603
54,714000000,1.5707963267948977,2.405861574049099
54,764000000,1.5707963267948977,2.411546360755595
54,814000000,1.5707963267948977,2.4175303467624327
54,864000000,1.5707963267948977,2.423439532944185
54,914000000,1.5707963267948977,2.430096717376792
54,964000000,1.5707963267948977,2.4366791019843137
55,14000000,1.5707963267948977,2.443560685892177
55,64000000,1.5707963267948977,2.4506666692752965
55,114000000,1.5707963267948977,2.458445851084186
55,164000000,1.5707963267948977,2.4663746325432454
55,214000000,1.5707963267948977,2.475126212078246
55,264000000,1.5707963267948977,2.483728191963076
55,314000000,1.5707963267948977,2.4924049716729897
55,364000000,1.5707963267948977,2.5009321517327336
55,414000000,1.5707963267948977,2.510282129868417
55,464000000,1.5707963267948977,2.519781707654272
55,514000000,1.5707963267948977,2.5301040835160675
55,564000000,1.5707963267948977,2.5402768597276912
55,614000000,1.5707963267948977,2.550524435764401
55,664000000,1.5707963267948977,2.5607720118011104
55,714000000,1.5707963267948977,2.571468386788333
55,764000000,1.5707963267948977,2.582239561600641
55,814000000,1.5707963267948977,2.593235135888205
55,864000000,1.5707963267948977,2.604455109651026
55,914000000,1.5707963267948977,2.615749883238932
55,964000000,1.5707963267948977,2.627493455777351
56,14000000,1.5707963267948977,2.63923702831577
56,64000000,1.5707963267948977,2.651055400679274
56,114000000,1.5707963267948977,2.6630233726929498
56,164000000,1.5707963267948977,2.6750661445317108
56,214000000,1.5707963267948977,2.686959316720301
56,264000000,1.5707963267948977,2.699151688209233
56,314000000,1.5707963267948977,2.71141885952325
56,364000000,1.5707963267948977,2.7235364311870964
56,414000000,1.5707963267948977,2.7358036025011137
56,464000000,1.5707963267948977,2.747846374339874
56,514000000,1.5707963267948977,2.7599639460037206
56,564000000,1.5707963267948977,2.772455516792994
56,614000000,1.5707963267948977,2.7849470875822684
56,664000000,1.5707963267948977,2.7970646592461144
56,714000000,1.5707963267948977,2.809257030735046
56,764000000,1.5707963267948977,2.8211502029236364
56,814000000,1.5707963267948977,2.8331929747623974
56,864000000,1.5707963267948977,2.845310546426244
56,914000000,1.5707963267948977,2.8567549196643203
56,964000000,1.5707963267948977,2.868274092727483
57,14000000,1.5707963267948977,2.879942865440817
57,64000000,1.5707963267948977,2.8913124388538085
57,114000000,1.5707963267948977,2.9027568120918854
57,164000000,1.5707963267948977,2.9141263855048773
57,214000000,1.5707963267948977,2.924747960667014
57,264000000,1.5707963267948977,2.935444335654237
57,314000000,1.5707963267948977,2.945841511341117
57,364000000,1.5707963267948977,2.9557150882524
57,414000000,1.5707963267948977,2.9656634649887668
57,464000000,1.5707963267948977,2.9759110410254768
57,514000000,1.5707963267948977,2.985485418636417
57,564000000,1.5707963267948977,2.9950597962473573
57,614000000,1.5707963267948977,3.0039609754325283
57,664000000,1.5707963267948977,3.012488155492272
57,714000000,1.5707963267948977,3.0210901353771016
57,764000000,1.5707963267948977,3.0298417149121013
57,814000000,1.5707963267948977,3.037770496371161
57,864000000,1.5707963267948977,3.04554967818005
57,914000000,1.5707963267948977,3.05265566156317
57,964000000,1.5707963267948977,3.059537245471033
58,14000000,1.5707963267948977,3.0661196300785543
58,64000000,1.5707963267948977,3.072776814511162
58,114000000,1.5707963267948977,3.078686000692913
58,164000000,1.5707963267948977,3.084669986699752
58,214000000,1.5707963267948977,3.0903547734062475
58,264000000,1.5707963267948977,3.0958151606374864
58,314000000,1.5707963267948977,3.100602349442957
58,364000000,1.5707963267948977,3.105239938598256
58,414000000,1.5707963267948977,3.1092043293277865
58,464000000,1.5707963267948977,3.11294432058206
58,514000000,1.5707963267948977,3.116385112535992
58,564000000,1.5707963267948977,3.1199007043150084
58,614000000,1.5707963267948977,3.122668297843171
58,664000000,1.5707963267948977,3.1255106911964186
58,714000000,1.5707963267948977,3.128053885249325
58,764000000,1.5707963267948977,3.130223080176804
58,814000000,1.5707963267948977,3.1320930758039407
58,864000000,1.5707963267948977,3.133888271605992
58,914000000,1.5707963267948977,3.135459067932787
58,964000000,1.5707963267948977,3.1368054647843246
59,14000000,1.5707963267948977,3.138077061810778
59,64000000,1.5707963267948977,3.1390494595368894
59,114000000,1.5707963267948977,3.139647858137573
59,164000000,1.5707963267948977,3.139947057437915
59,214000000,1.5707963267948977,3.140171456913172
59,264000000,1.5707963267948977,3.1400218572630005
59,314000000,1.5707963267948977,3.1400218572630005
59,364000000,1.5707963267948977,3.1398722576128293
59,414000000,1.5707963267948977,3.140096657088086
59,464000000,1.5707963267948977,3.140545456038599
59,514000000,1.5707963267948977,3.141069054814197
59,564000000,1.5707963267948977,3.14151785376471
59,614000000,1.5707963267948977,3.141592653589793
59,664000000,1.5707963267948977,3.141592653589793
59,714000000,1.5707963267948977,3.141592653589793
59,764000000,1.5707963267948977,3.141592653589793
59,814000000,1.5707963267948977,3.141592653589793
59,864000000,1.5707963267948977,3.141592653589793
59,914000000,1.5707963267948977,3.141592653589793
59,964000000,1.5707963267948977,3.141592653589793
60,14000000,1.5707963267948977,3.141592653589793
60,64000000,1.5707963267948977,3.141592653589793
60,114000000,1.5707963267948977,3.141592653589793
60,164000000,1.5707963267948977,3.141592653589793
60,214000000,1.5707963267948977,3.141592653589793
60,264000000,1.5707963267948977,3.141592653589793
60,314000000,1.5707963267948977,3.141592653589793
60,364000000,1.5707963267948977,3.141592653589793
60,414000000,1.5707963267948977,3.141592653589793
60,464000000,1.5707963267948977,3.141592653589793
60,514000000,1.5707963267948977,3.141592653589793
60,564000000,1.5707963267948977,3.141592653589793
60,614000000,1.5707963267948977,3.141592653589793
60,664000000,1.5707963267948977,3.141592653589793
60,714000000,1.5707963267948977,3.141592653589793
60,764000000,1.5707963267948977,3.141592653589793
60,814000000,1.5707963267948977,3.141592653589793
60,864000000,1.5707963267948977,3.141592653589793
60,914000000,1.5707963267948977,3.141592653589793
60,964000000,1.5707963267948977,3.141592653589793
61,14000000,1.5707963267948977,3.141592653589793
61,64000000,1.5707963267948977,3.141592653589793
61,114000000,1.5707963267948977,3.141592653589793
61,163000000,1.5707963267948977,3.141592653589793
61,213000000,1.5707963267948977,3.141592653589793
61,263000000,1.5707963267948977,3.141592653589793
61,313000000,1.5707963267948977,3.141592653589793
61,363000000,1.5707963267948977,3.141592653589793
61,413000000,1.5707963267948977,3.141592653589793
61,463000000,1.5707963267948977,3.141592653589793
61,513000000,1.5707963267948977,3.141592653589793
61,563000000,1.5707963267948977,3.141592653589793
61,613000000,1.5707963267948977,3.141592653589793
61,663000000,1.5707963267948977,3.141592653589793
61,713000000,1.5707963267948977,3.141592653589793
61,763000000,1.5707963267948977,3.141592653589793
61,813000000,1.5707963267948977,3.141592653589793
61,863000000,1.5707963267948977,3.141592653589793
61,913000000,1.5707963267948977,3.141592653589793
61,963000000,1.5707963267948977,3.141592653589793
62,13000000,1.5707963267948977,3.141592653589793
62,63000000,1.5707963267948977,3.141592653589793
62,113000000,1.5707963267948977,3.141592653589793
62,163000000,1.5707963267948977,3.141592653589793
62,213000000,1.5707963267948977,3.141592653589793
62,263000000,1.5707963267948977,3.141592653589793
62,313000000,1.5707963267948977,3.141592653589793
62,363000000,1.5707963267948977,3.141592653589793
62,413000000,1.5707963267948977,3.141592653589793
62,463000000,1.5707963267948977,3.141592653589793
62,513000000,1.5707963267948977,3.141592653589793
62,563000000,1.5707963267948977,3.14151785376471
62,613000000,1.5707963267948977,3.141069054814197
62,663000000,1.5707963267948977,3.140545456038599
62,713000000,1.5707963267948977,3.140096657088086
62,763000000,1.5707963267948977,3.1400218572630005
62,813000000,1.5707963267948977,3.139947057437915
62,863000000,1.5706467271447269,3.139647858137573
62,913000000,1.5708711266199833,3.1390494595368894
62,963000000,1.571170325920325,3.1382266614609486
63,13000000,1.571768724521009,3.136730664959239
63,63000000,1.57274112224712,3.135085068807359
63,113000000,1.574012719273573,3.1327662742297098
63,163000000,1.5753591161251117,3.130372679826974
63,213000000,1.5769299124519065,3.1274554866486417
63,263000000,1.5787251082539575,3.1240146946947096
63,313000000,1.5805951038810946,3.119676304839752
63,353000000,1.5827642988085733,3.115188315334624
63,395000000,1.5853074928614792,3.110251526878983
63,439000000,1.5881498862147272,3.105165138773171
63,489000000,1.5909174797428896,3.0993307524165044
63,539000000,1.5944330715219068,3.092598768158812
63,589000000,1.5978738634758385,3.085268385300436
63,639000000,1.6016138547301118,3.077414403666461
63,689000000,1.605578245459642,3.069036823256888
63,739000000,1.6102158346149409,3.060060844246632
63,789000000,1.6150030234204111,3.0501872673353496
63,839000000,1.620463410651651,3.0397152918233834
63,889000000,1.6261481973581466,3.02871971753582
63,939000000,1.6321321833649842,3.0172005444726566
63,989000000,1.6380413695467366,3.0050829728088098
64,39000000,1.6446985539793433,2.992067803243938
64,89000000,1.651280938586865,2.9784542350783827
64,139000000,1.6581625224947285,2.9643170681372286
64,189000000,1.6652685058778478,2.9496563024204763
64,239000000,1.6730476876867368,2.934247538452869
64,289000000,1.6809764691457971,2.9184647753598343
64,339000000,1.6897280486807973,2.9017844143657747
64,389000000,1.6983300285656262,2.8848048540713727
64,439000000,1.707006808275541,2.867226895176287
64,489000000,1.7155339883352847,2.8493497369808587
64,539000000,1.7248839664709688,2.830425381234235
64,589000000,1.7343835442568236,2.8116506251377817
64,639000000,1.7447059201186184,2.791828671490132
64,689000000,1.7548786963302423,2.77170751854214
64,739000000,1.765126272366952,2.750838367343293
64,789000000,1.7753738484036616,2.729894416319361
64,839000000,1.7860702233908838,2.708651265995087
64,889000000,1.796841398203192,2.687183716195557
64,939000000,1.8078369724907564,2.6651925676204287
64,989000000,1.819056946253577,2.6428274199198727
65,39000000,1.8303517198414836,2.619714273968462
65,89000000,1.842095292379902,2.59645152836688
65,139000000,1.8538388649183208,2.573113982940213
65,189000000,1.8656572372818252,2.54955203803829
65,239000000,1.8776252092955008,2.5257656936611097
65,289000000,1.8896679811342616,2.5017549498086744
65,339000000,1.901561153322852,2.477819005781323
65,389000000,1.913753524811784,2.453733462103801
65,439000000,1.9260206961258013,2.429273919300853
65,489000000,1.9381382677896477,2.4050387759731597
65,539000000,1.9504054391036647,2.380429633520039
65,588000000,1.9624482109424253,2.355521291766577
65,639000000,1.974565782606272,2.331061748963628
65,689000000,1.9870573533955451,2.306452606510508
65,739000000,1.9995489241848197,2.281768664232303
65,789000000,2.0116664958486656,2.2577579203798663
65,839000000,2.023858867337597,2.2336723767023443
65,889000000,2.035752039526188,2.2094372333746515
65,939000000,2.047794811364948,2.185501289347301
65,989000000,2.059912383028794,2.1613409458446937
66,39000000,2.071356756266872,2.1377790009427704
66,89000000,2.0828759293300347,2.11466585499136
66,139000000,2.094544702043368,2.0917023086901203
66,189000000,2.10591427545636,2.0691127615143072
66,239000000,2.117358648694436,2.046822413638837
66,289000000,2.128728222107428,2.0244572659382816
66,339000000,2.139349797269565,2.0026905168384093
66,389000000,2.150046172256788,1.981222967038879
66,439000000,2.1604433479436684,1.960129416364776
66,489000000,2.1703169248549505,1.939858663766613
66,539000000,2.1802653015913185,1.9198871104687925
66,589000000,2.190512877628028,1.899915557170972
66,639000000,2.200087255238968,1.8805424024738349
66,689000000,2.209661632849908,1.861917246027552
66,739000000,2.2185628120350795,1.8438904881819536
66,789000000,2.2270899920948235,1.826536928762124
66,839000000,2.235691971979653,1.8094825686426368
66,889000000,2.2444435515146526,1.79257780817332
66,939000000,2.252372332973713,1.7764210459548586
66,989000000,2.260151514782601,1.7610122819872511
67,39000000,2.267257498165721,1.746725515395926
67,89000000,2.2741390820735843,1.7326631482798578
67,139000000,2.280721466681106,1.7194983790648146
67,189000000,2.2873786511137126,1.7066328091501135
67,239000000,2.293437436945636,1.6942160381859253
67,289000000,2.299047423827046,1.682622065297677
67,339000000,2.304507811058286,1.671776090660284
67,389000000,2.3098933984644394,1.6610049158479765
67,439000000,2.3147553870949955,1.6512061387617796
67,489000000,2.319617375725551,1.6420057602762663
67,539000000,2.323955765580508,1.6332541807412664
67,589000000,2.327546157184611,1.6255497987574627
67,639000000,2.3309869491385427,1.6182194158990866
67,689000000,2.33450254091756,1.6114874316413943
67,739000000,2.3372701344457223,1.6056530452847273
67,789000000,2.3401125277989703,1.600566657178915
67,839000000,2.3426557218518766,1.5956298687232744
67,889000000,2.344824916779355,1.591141879218146
67,939000000,2.346694912406492,1.5868034893631888
67,989000000,2.3484901082085434,1.5833626974092572
68,39000000,2.3500609045353382,1.5804455042309238
68,89000000,2.3514073013868764,1.5780519098281889
68,139000000,2.352678898413329,1.575733115250539
68,189000000,2.35365129613944,1.5740875190986587
68,239000000,2.354249694740124,1.5725915225969491
68,289000000,2.354548894040466,1.571768724521009
68,339000000,2.3547732935157226,1.571170325920325
68,389000000,2.354623693865552,1.5708711266199833
68,439000000,2.354623693865552,1.5706467271447269
68,489000000,2.354474094215381,1.5707963267948977
68,539000000,2.354698493690637,1.5707963267948977
68,589000000,2.35514729264115,1.5707963267948977
68,639000000,2.3556708914167483,1.5707963267948977
68,689000000,2.3561196903672608,1.5707963267948977
68,739000000,2.3563440898425174,1.5707963267948977
68,789000000,2.3561944901923466,1.5707963267948977
68,839000000,2.3561944901923466,1.5707963267948977
68,889000000,2.3561944901923466,1.5707963267948977
68,939000000,2.3561944901923466,1.5707963267948977
68,989000000,2.3561944901923466,1.5707963267948977
69,39000000,2.3561944901923466,1.5707963267948977
69,89000000,2.3561944901923466,1.5707963267948977
69,139000000,2.3561944901923466,1.5707963267948977
69,189000000,2.3561944901923466,1.5707963267948977
69,239000000,2.3561944901923466,1.5707963267948977
69,289000000,2.3561944901923466,1.5707963267948977
69,339000000,2.3561944901923466,1.5707963267948977
69,389000000,2.3561944901923466,1.5707963267948977
69,439000000,2.3561944901923466,1.5707963267948977
69,489000000,2.3561944901923466,1.5707963267948977
69,539000000,2.3561944901923466,1.5707963267948977
69,589000000,2.3561944901923466,1.5707963267948977
69,639000000,2.3561944901923466,1.5707963267948977
69,688000000,2.3561944901923466,1.5707963267948977
69,739000000,2.3561944901923466,1.5707963267948977
69,789000000,2.3561944901923466,1.5707963267948977
69,839000000,2.3561944901923466,1.5707963267948977
69,889000000,2.3561944901923466,1.5707963267948977
69,939000000,2.3561944901923466,1.5707963267948977
69,989000000,2.3561944901923466,1.5707963267948977
70,39000000,2.3561944901923466,1.5707963267948977
70,89000000,2.3561944901923466,1.5707963267948977
70,139000000,2.3561944901923466,1.5707963267948977
70,189000000,2.3561944901923466,1.5707963267948977
70,239000000,2.3561944901923466,1.5707963267948977
70,289000000,2.3561944901923466,1.5707963267948977
70,339000000,2.3561944901923466,1.5707963267948977
70,389000000,2.3561944901923466,1.5707963267948977
70,439000000,2.3561944901923466,1.5707963267948977
70,489000000,2.3561944901923466,1.5707963267948977
70,539000000,2.3561944901923466,1.5707963267948977
70,589000000,2.3561944901923466,1.5707963267948977
70,639000000,2.3561944901923466,1.5707963267948977
70,689000000,2.3561944901923466,1.5707963267948977
70,739000000,2.3561944901923466,1.5707963267948977
70,789000000,2.3561944901923466,1.5707963267948977
70,839000000,2.3561944901923466,1.5707963267948977
70,889000000,2.3561944901923466,1.5707963267948977
70,939000000,2.3561944901923466,1.5707963267948977
70,989000000,2.3561944901923466,1.5707963267948977
71,39000000,2.3561944901923466,1.5707963267948977
71,89000000,2.3561944901923466,1.5707963267948977
71,139000000,2.3561944901923466,1.5707963267948977
71,189000000,2.3561944901923466,1.5707963267948977
71,239000000,2.3561944901923466,1.5707963267948977
71,289000000,2.3561944901923466,1.5707963267948977
71,339000000,2.3561944901923466,1.5707963267948977
71,389000000,2.3561944901923466,1.5707963267948977
71,439000000,2.3561944901923466,1.5707963267948977
71,489000000,2.3561944901923466,1.5707963267948977
71,539000000,2.3561944901923466,1.5707963267948977
71,589000000,2.3561944901923466,1.5707963267948977
71,639000000,2.3561944901923466,1.5707963267948977
71,689000000,2.3561944901923466,1.5707963267948977
71,739000000,2.3561944901923466,1.5707963267948977
71,789000000,2.3561944901923466,1.5707963267948977
71,839000000,2.3561944901923466,1.5707963267948977
71,889000000,2.3561944901923466,1.5707963267948977
71,939000000,2.3561944901923466,1.5707963267948977
71,989000000,2.356044890542176,1.5707963267948977
72,39000000,2.356269290017432,1.5707963267948977
72,89000000,2.356568489317774,1.5707963267948977
72,139000000,2.357166887918458,1.5707963267948977
72,189000000,2.3581392856445693,1.5707963267948977
72,239000000,2.359410882671022,1.5707963267948977
72,289000000,2.360757279522561,1.5707963267948977
72,339000000,2.3623280758493554,1.5707963267948977
72,389000000,2.364123271651407,1.5707963267948977
72,439000000,2.365993267278544,1.5707963267948977
72,489000000,2.368162462206022,1.5707963267948977
72,539000000,2.370705656258928,1.5707963267948977
72,589000000,2.373548049612176,1.5707963267948977
72,639000000,2.3763156431403383,1.5707963267948977
72,689000000,2.3798312349193558,1.5707963267948977
72,739000000,2.3832720268732874,1.5707963267948977
72,789000000,2.387012018127561,1.5707963267948977
72,839000000,2.3909764088570906,1.5707963267948977
72,889000000,2.39561399801239,1.5707963267948977
72,939000000,2.4004011868178603,1.5707963267948977
72,989000000,2.405861574049099,1.5707963267948977
73,39000000,2.411546360755595,1.5707963267948977
73,89000000,2.4175303467624327,1.5707963267948977
73,139000000,2.423439532944185,1.5707963267948977
73,189000000,2.430096717376792,1.5707963267948977
73,239000000,2.4366791019843137,1.5707963267948977
73,289000000,2.443560685892177,1.5707963267948977
73,338000000,2.4506666692752965,1.5707963267948977
73,388000000,2.458445851084186,1.5707963267948977
73,438000000,2.4663746325432454,1.5707963267948977
73,488000000,2.475126212078246,1.5707963267948977
73,538000000,2.483728191963076,1.5707963267948977
73,588000000,2.4924049716729897,1.5707963267948977
73,638000000,2.5009321517327336,1.5707963267948977
73,688000000,2.510282129868417,1.5707963267948977
73,738000000,2.519781707654272,1.5707963267948977
73,788000000,2.5301040835160675,1.5707963267948977
73,838000000,2.5402768597276912,1.5707963267948977
73,888000000,2.550524435764401,1.5707963267948977
73,938000000,2.5607720118011104,1.5707963267948977
73,988000000,2.571468386788333,1.5707963267948977
74,38000000,2.582239561600641,1.5707963267948977
74,88000000,2.593235135888205,1.5707963267948977
74,138000000,2.604455109651026,1.5707963267948977
74,188000000,2.615749883238932,1.5707963267948977
74,238000000,2.627493455777351,1.5707963267948977
74,288000000,2.63923702831577,1.5707963267948977
74,338000000,2.651055400679274,1.5707963267948977
74,388000000,2.6630233726929498,1.5707963267948977
74,438000000,2.6750661445317108,1.5707963267948977
74,488000000,2.686959316720301,1.5707963267948977
74,538000000,2.699151688209233,1.5707963267948977
74,588000000,2.71141885952325,1.5707963267948977
74,638000000,2.7235364311870964,1.5707963267948977
74,688000000,2.7358036025011137,1.5707963267948977
74,738000000,2.747846374339874,1.5707963267948977
74,788000000,2.7599639460037206,1.5707963267948977
74,838000000,2.772455516792994,1.5707963267948977
74,888000000,2.7849470875822684,1.5707963267948977
74,938000000,2.7970646592461144,1.5707963267948977
74,988000000,2.809257030735046,1.5707963267948977
75,38000000,2.8211502029236364,1.5707963267948977
75,88000000,2.8331929747623974,1.5707963267948977
75,138000000,2.845310546426244,1.5707963267948977
75,188000000,2.8567549196643203,1.5707963267948977
75,238000000,2.868274092727483,1.5707963267948977
75,288000000,2.879942865440817,1.5707963267948977
75,338000000,2.8913124388538085,1.5707963267948977
75,379000000,2.9027568120918854,1.5707963267948977
75,412000000,2.9141263855048773,1.5707963267948977
75,456000000,2.924747960667014,1.5707963267948977
75,506000000,2.935444335654237,1.5707963267948977
75,556000000,2.945841511341117,1.5707963267948977
75,606000000,2.9557150882524,1.5707963267948977
75,656000000,2.9656634649887668,1.5707963267948977
75,706000000,2.9759110410254768,1.5707963267948977
75,756000000,2.985485418636417,1.5707963267948977
75,806000000,2.9950597962473573,1.5707963267948977
75,856000000,3.0039609754325283,1.5707963267948977
75,906000000,3.012488155492272,1.5707963267948977
75,956000000,3.0210901353771016,1.5707963267948977
76,6000000,3.0298417149121013,1.5707963267948977
76,56000000,3.037770496371161,1.5707963267948977
76,106000000,3.04554967818005,1.5707963267948977
76,156000000,3.05265566156317,1.5707963267948977
76,206000000,3.059537245471033,1.5707963267948977
76,256000000,3.0661196300785543,1.5707963267948977
76,306000000,3.072776814511162,1.5707963267948977
76,356000000,3.078686000692913,1.5707963267948977
76,406000000,3.084669986699752,1.5707963267948977
76,456000000,3.0903547734062475,1.5707963267948977
76,506000000,3.0958151606374864,1.5707963267948977
76,556000000,3.100602349442957,1.5707963267948977
76,606000000,3.105239938598256,1.5707963267948977
76,656000000,3.1092043293277865,1.5707963267948977
76,706000000,3.11294432058206,1.5707963267948977
76,756000000,3.116385112535992,1.5707963267948977
76,806000000,3.1199007043150084,1.5707963267948977
76,856000000,3.122668297843171,1.5707963267948977
76,906000000,3.1255106911964186,1.5707963267948977
76,956000000,3.128053885249325,1.5707963267948977
77,6000000,3.130223080176804,1.5707963267948977
77,56000000,3.1320930758039407,1.5707963267948977
77,106000000,3.133888271605992,1.5707963267948977
77,156000000,3.135459067932787,1.5707963267948977
77,206000000,3.1368054647843246,1.5707963267948977
77,256000000,3.138077061810778,1.5707963267948977
77,306000000,3.1390494595368894,1.5707963267948977
77,356000000,3.139647858137573,1.5707963267948977
77,406000000,3.139947057437915,1.5707963267948977
77,456000000,3.140171456913172,1.5707963267948977
77,506000000,3.1400218572630005,1.5707963267948977
77,556000000,3.1400218572630005,1.5707963267948977
77,606000000,3.1398722576128293,1.5707963267948977
77,656000000,3.140096657088086,1.5707963267948977
77,706000000,3.140545456038599,1.5707963267948977
77,756000000,3.141069054814197,1.5707963267948977
77,806000000,3.14151785376471,1.5707963267948977
77,856000000,3.141592653589793,1.5707963267948977
77,906000000,3.141592653589793,1.5707963267948977
77,956000000,3.141592653589793,1.5707963267948977
78,6000000,3.141592653589793,1.5707963267948977
78,56000000,3.141592653589793,1.5707963267948977
78,106000000,3.141592653589793,1.5707963267948977
78,156000000,3.141592653589793,1.5707963267948977
78,206000000,3.141592653589793,1.5707963267948977
78,256000000,3.141592653589793,1.5707963267948977
78,306000000,3.141592653589793,1.5707963267948977
78,356000000,3.141592653589793,1.5707963267948977
78,406000000,3.141592653589793,1.5707963267948977
78,456000000,3.141592653589793,1.5707963267948977
78,506000000,3.141592653589793,1.5707963267948977
78,556000000,3.141592653589793,1.5707963267948977
78,606000000,3.141592653589793,1.5707963267948977
78,656000000,3.141592653589793,1.5707963267948977
78,706000000,3.141592653589793,1.5707963267948977
78,756000000,3.141592653589793,1.5707963267948977
78,806000000,3.141592653589793,1.5707963267948977
78,856000000,3.141592653589793,1.5707963267948977
78,906000000,3.141592653589793,1.5707963267948977
78,956000000,3.141592653589793,1.5707963267948977
79,6000000,3.141592653589793,1.5707963267948977
79,56000000,3.141592653589793,1.5707963267948977
79,106000000,3.141592653589793,1.5707963267948977
79,156000000,3.141592653589793,1.5707963267948977
79,206000000,3.141592653589793,1.5707963267948977
79,256000000,3.141592653589793,1.5707963267948977
79,306000000,3.141592653589793,1.5707963267948977
79,356000000,3.141592653589793,1.5707963267948977
79,406000000,3.141592653589793,1.5707963267948977
79,456000000,3.141592653589793,1.5707963267948977
79,506000000,3.141592653589793,1.5707963267948977
79,556000000,3.141592653589793,1.5707963267948977
79,606000000,3.141592653589793,1.5707963267948977
79,656000000,3.141592653589793,1.5707963267948977
79,706000000,3.141592653589793,1.5707963267948977
79,756000000,3.141592653589793,1.5707963267948977
79,806000000,3.141592653589793,1.5707963267948977
79,856000000,3.141592653589793,1.5707963267948977
79,906000000,3.141592653589793,1.5707963267948977
79,956000000,3.141592653589793,1.5707963267948977
80,6000000,3.141592653589793,1.5707963267948977
80,56000000,3.141592653589793,1.5707963267948977
80,106000000,3.141592653589793,1.5707963267948977
80,156000000,3.141592653589793,1.5707963267948977
80,206000000,3.141592653589793,1.5707963267948977
80,256000000,3.141592653589793,1.5707963267948977
80,306000000,3.141592653589793,1.5707963267948977
80,356000000,3.141592653589793,1.5707963267948977
80,406000000,3.141592653589793,1.5707963267948977
80,456000000,3.141592653589793,1.5707963267948977
80,506000000,3.141592653589793,1.5707963267948977
80,556000000,3.141592653589793,1.5707963267948977
80,606000000,3.141592653589793,1.5707963267948977
80,656000000,3.141592653589793,1.5707963267948977
80,706000000,3.141592653589793,1.5707963267948977
80,756000000,3.141592653589793,1.5707963267948977
80,806000000,3.14151785376471,1.5707963267948977
80,856000000,3.141069054814197,1.5707963267948977
80,906000000,3.140545456038599,1.5707963267948977
80,956000000,3.140096657088086,1.5707963267948977
81,6000000,3.1398722576128293,1.5707963267948977
81,56000000,3.1400218572630005,1.5707963267948977
81,106000000,3.140171456913172,1.5707963267948977
81,156000000,3.139947057437915,1.5707963267948977
81,206000000,3.139647858137573,1.5707963267948977
81,256000000,3.1390494595368894,1.5707963267948977
81,306000000,3.138077061810778,1.5707963267948977
81,356000000,3.1368054647843246,1.5707963267948977
81,406000000,3.135459067932787,1.5707963267948977
81,456000000,3.133888271605992,1.5707963267948977
81,506000000,3.1320930758039407,1.5707963267948977
81,556000000,3.130223080176804,1.5707963267948977
81,606000000,3.128053885249325,1.5707963267948977
81,656000000,3.1255106911964186,1.5707963267948977
81,706000000,3.122668297843171,1.5707963267948977
81,756000000,3.1199007043150084,1.5707963267948977
81,806000000,3.116385112535992,1.5707963267948977
81,856000000,3.11294432058206,1.5707963267948977
81,906000000,3.1092043293277865,1.5707963267948977
81,956000000,3.105239938598256,1.5707963267948977
82,6000000,3.100602349442957,1.5707963267948977
82,56000000,3.0958151606374864,1.5707963267948977
82,106000000,3.0903547734062475,1.5707963267948977
82,156000000,3.084669986699752,1.5707963267948977
82,206000000,3.078686000692913,1.5707963267948977
82,256000000,3.072776814511162,1.5707963267948977
82,306000000,3.0661196300785543,1.5707963267948977
82,356000000,3.059537245471033,1.5707963267948977
82,406000000,3.05265566156317,1.5707963267948977
82,456000000,3.04554967818005,1.5707963267948977
82,506000000,3.037770496371161,1.5707963267948977
82,556000000,3.0298417149121013,1.5707963267948977
82,606000000,3.0210901353771016,1.5707963267948977
82,656000000,3.012488155492272,1.5707963267948977
82,706000000,3.003811375782357,1.5707963267948977
82,756000000,2.995284195722614,1.5707963267948977
82,806000000,2.9859342175869297,1.5707963267948977
82,856000000,2.976434639801075,1.5707963267948977
82,905000000,2.96611226393928,1.5707963267948977
82,955000000,2.955939487727656,1.5707963267948977
83,5000000,2.9456919116909464,1.5707963267948977
83,55000000,2.935444335654237,1.5707963267948977
83,105000000,2.924747960667014,1.5707963267948977
83,155000000,2.913976785854706,1.5707963267948977
83,205000000,2.902981211567142,1.5707963267948977
83,254000000,2.8917612378043214,1.5707963267948977
83,305000000,2.880466464216415,1.5707963267948977
83,355000000,2.8687228916779963,1.5707963267948977
83,405000000,2.856979319139577,1.5707963267948977
83,455000000,2.845160946776073,1.5707963267948977
83,505000000,2.8331929747623974,1.5707963267948977
83,555000000,2.8211502029236364,1.5707963267948977
83,605000000,2.809257030735046,1.5707963267948977
83,655000000,2.7970646592461144,1.5707963267948977
83,705000000,2.784797487932097,1.5707963267948977
83,755000000,2.7726799162682507,1.5707963267948977
83,805000000,2.760412744954233,1.5707963267948977
83,854000000,2.7483699731154725,1.5707963267948977
83,905000000,2.736252401451627,1.5707963267948977
83,955000000,2.7237608306623526,1.5707963267948977
84,5000000,2.711269259873079,1.5707963267948977
84,55000000,2.699151688209233,1.5707963267948977
84,104000000,2.686959316720301,1.5707963267948977
84,155000000,2.6750661445317108,1.5707963267948977
84,205000000,2.6630233726929498,1.5707963267948977
84,255000000,2.650905801029104,1.5707963267948977
84,305000000,2.639461427791026,1.5707963267948977
84,355000000,2.627942254727864,1.5707963267948977
84,405000000,2.6162734820145306,1.5707963267948977
84,455000000,2.604903908601538,1.5707963267948977
84,505000000,2.5934595353634617,1.5707963267948977
84,555000000,2.5820899619504702,1.5707963267948977
84,605000000,2.571468386788333,1.5707963267948977
84,655000000,2.5607720118011104,1.5707963267948977
84,705000000,2.550524435764401,1.5707963267948977
84,754000000,2.5402768597276912,1.5707963267948977
84,805000000,2.5301040835160675,1.5707963267948977
84,855000000,2.519781707654272,1.5707963267948977
84,905000000,2.510282129868417,1.5707963267948977
84,955000000,2.5009321517327336,1.5707963267948977
85,5000000,2.4924049716729897,1.5707963267948977
85,55000000,2.483728191963076,1.5707963267948977
85,105000000,2.475126212078246,1.5707963267948977
85,155000000,2.4663746325432454,1.5707963267948977
85,205000000,2.458445851084186,1.5707963267948977
85,255000000,2.4506666692752965,1.5707963267948977
85,305000000,2.443560685892177,1.5707963267948977
85,355000000,2.4366791019843137,1.5707963267948977
85,405000000,2.430096717376792,1.5707963267948977
85,455000000,2.423439532944185,1.5707963267948977
85,505000000,2.4175303467624327,1.5707963267948977
85,555000000,2.411546360755595,1.5707963267948977
85,604000000,2.405861574049099,1.5707963267948977
85,655000000,2.4004011868178603,1.5707963267948977
85,705000000,2.39561399801239,1.5707963267948977
85,755000000,2.3909764088570906,1.5707963267948977
85,805000000,2.387012018127561,1.5707963267948977
85,855000000,2.3832720268732874,1.5707963267948977
85,905000000,2.3798312349193558,1.5707963267948977
85,955000000,2.3763156431403383,1.5707963267948977
86,5000000,2.373548049612176,1.5707963267948977
86,55000000,2.370705656258928,1.5707963267948977
86,105000000,2.368162462206022,1.5707963267948977
86,155000000,2.365993267278544,1.5707963267948977
86,204000000,2.364123271651407,1.5707963267948977
86,255000000,2.3623280758493554,1.5707963267948977
86,305000000,2.360757279522561,1.5707963267948977
86,355000000,2.359410882671022,1.5707963267948977
86,405000000,2.3581392856445693,1.5707963267948977
86,455000000,2.357166887918458,1.5707963267948977
86,505000000,2.356568489317774,1.5707963267948977
86,533000000,2.356269290017432,1.5707963267948977
86,576000000,2.356044890542176,1.5707963267948977
86,623000000,2.3561944901923466,1.5707963267948977
86,673000000,2.3561944901923466,1.5707963267948977
86,723000000,2.3561944901923466,1.5707963267948977
86,773000000,2.3561944901923466,1.5707963267948977
86,823000000,2.3561944901923466,1.5707963267948977
86,873000000,2.3561944901923466,1.5707963267948977
86,923000000,2.3561944901923466,1.5707963267948977
86,973000000,2.3561944901923466,1.5707963267948977
87,23000000,2.3561944901923466,1.5707963267948977
87,73000000,2.3561944901923466,1.5707963267948977
87,123000000,2.3561944901923466,1.5707963267948977
87,173000000,2.3561944901923466,1.5707963267948977
87,223000000,2.3561944901923466,1.5707963267948977
87,273000000,2.3561944901923466,1.5707963267948977
87,323000000,2.3561944901923466,1.5707963267948977
87,373000000,2.3561944901923466,1.5707963267948977
87,423000000,2.3561944901923466,1.5707963267948977
87,473000000,2.3561944901923466,1.5707963267948977
87,523000000,2.3561944901923466,1.5707963267948977
87,573000000,2.3561944901923466,1.5707963267948977
87,623000000,2.3561944901923466,1.5707963267948977
87,673000000,2.3561944901923466,1.5707963267948977
87,723000000,2.3561944901923466,1.5707963267948977
87,773000000,2.3561944901923466,1.5707963267948977
87,823000000,2.3561944901923466,1.5707963267948977
87,873000000,2.3561944901923466,1.5707963267948977
87,923000000,2.3561944901923466,1.5707963267948977
87,973000000,2.3561944901923466,1.5707963267948977
88,23000000,2.3561944901923466,1.5707963267948977
88,73000000,2.3561944901923466,1.5707963267948977
88,123000000,2.3561944901923466,1.5707963267948977
88,173000000,2.3561944901923466,1.5707963267948977
88,223000000,2.3561944901923466,1.5707963267948977
88,273000000,2.3561944901923466,1.5707963267948977
88,323000000,2.3561944901923466,1.5707963267948977
88,373000000,2.3561944901923466,1.5707963267948977
88,423000000,2.3561944901923466,1.5707963267948977
88,473000000,2.3561944901923466,1.5707963267948977
88,523000000,2.3561944901923466,1.5707963267948977
88,573000000,2.3561944901923466,1.5707963267948977
88,623000000,2.3561944901923466,1.5707963267948977
88,673000000,2.3561944901923466,1.5707963267948977
88,723000000,2.3561944901923466,1.5707963267948977
88,773000000,2.3561944901923466,1.5707963267948977
88,823000000,2.3561944901923466,1.5707963267948977
88,873000000,2.3561944901923466,1.5707963267948977
88,923000000,2.3561944901923466,1.5707963267948977
88,973000000,2.3561944901923466,1.5707963267948977
89,23000000,2.3561944901923466,1.5707963267948977
89,73000000,2.3561944901923466,1.5707963267948977
89,123000000,2.3561944901923466,1.5707963267948977
89,173000000,2.3561944901923466,1.5707963267948977
89,223000000,2.3561944901923466,1.5707963267948977
89,273000000,2.3561944901923466,1.5707963267948977
89,323000000,2.3561944901923466,1.5707963267948977
89,373000000,2.3561944901923466,1.5707963267948977
89,423000000,2.3561944901923466,1.5707963267948977
89,473000000,2.3561944901923466,1.5707963267948977
89,523000000,2.3561944901923466,1.5707963267948977
89,573000000,2.3561944901923466,1.5707963267948977
89,623000000,2.3561944901923466,1.5707963267948977
89,673000000,2.3561944901923466,1.5707963267948977
89,723000000,2.3561944901923466,1.5707963267948977
89,773000000,2.3561944901923466,1.5707963267948977
89,823000000,2.3561944901923466,1.5707963267948977
89,873000000,2.3563440898425174,1.5709459264450687
89,923000000,2.3561196903672608,1.5707215269698125
89,973000000,2.3556708914167483,1.5702727280192994
90,23000000,2.35514729264115,1.569749129243701
90,73000000,2.354698493690637,1.569300330293188
90,123000000,2.354474094215381,1.5690759308179316
90,173000000,2.354623693865552,1.5692255304681026
90,223000000,2.3547732935157226,1.5693751301182737
90,273000000,2.354548894040466,1.5691507306430172
90,323000000,2.354249694740124,1.5688515313426752
90,373000000,2.35365129613944,1.5682531327419915
90,423000000,2.352678898413329,1.5672807350158804
90,473000000,2.3514073013868764,1.5660091379894274
90,523000000,2.3500609045353382,1.564662741137889
90,573000000,2.3484901082085434,1.5630919448110945
90,623000000,2.346694912406492,1.5612967490090428
90,673000000,2.344824916779355,1.559426753381906
90,723000000,2.3426557218518766,1.5572575584544273
90,773000000,2.3401125277989703,1.5547143644015216
90,823000000,2.3372701344457223,1.5518719710482736
90,873000000,2.33450254091756,1.549104377520111
90,923000000,2.3309869491385427,1.545588785741094
90,973000000,2.327546157184611,1.5421479937871625
91,23000000,2.3238061659303373,1.5384080025328888
91,73000000,2.319841775200808,1.5344436118033586
91,123000000,2.315204186045508,1.5298060226480596
91,173000000,2.3104169972400377,1.5250188338425894
91,223000000,2.304956610008799,1.51955844661135
91,273000000,2.299271823302303,1.513873659904854
91,323000000,2.2932878372954653,1.5078896738980163
91,373000000,2.2873786511137126,1.5019804877162644
91,423000000,2.280721466681106,1.4953233032836573
91,473000000,2.2741390820735843,1.4887409186761358
91,523000000,2.267257498165721,1.4818593347682727
91,573000000,2.260151514782601,1.4747533513851527
91,623000000,2.252372332973713,1.4669741695762637
91,673000000,2.2444435515146526,1.4590453881172034
91,723000000,2.235691971979653,1.4502938085822032
91,773000000,2.2270899920948235,1.441691828697374
91,823000000,2.2184132123849083,1.4330150489874596
91,873000000,2.209886032325165,1.4244878689277156
91,923000000,2.200536054189481,1.4151378907920318
91,973000000,2.191036476403626,1.4056383130061771
92,23000000,2.180714100541831,1.3953159371443822
92,73000000,2.170541324330207,1.385143160932758
92,123000000,2.1602937482934976,1.3748955848960485
92,173000000,2.150046172256788,1.364648008859339
92,223000000,2.139349797269565,1.3539516338721165
92,273000000,2.1285786224572574,1.3431804590598089
92,323000000,2.117583048169693,1.3321848847722442
92,359000000,2.106363074406872,1.3209649110094237
92,395000000,2.095068300818966,1.3096701374215174
92,443000000,2.083324728280547,1.2979265648830984
92,493000000,2.071581155742128,1.2861829923446797
92,543000000,2.059762783378624,1.2743646199811751
92,593000000,2.047794811364948,1.2623966479674995
92,643000000,2.035752039526188,1.2503538761287385
92,693000000,2.023858867337597,1.2384607039401487
92,743000000,2.0116664958486656,1.2262683324512167
92,793000000,1.9993993245346484,1.2140011611371997
92,843000000,1.987281752870802,1.201883589473353
92,893000000,1.9750145815567848,1.1896164181593356
92,943000000,1.962971809718024,1.177573646320575
92,993000000,1.9508542380541776,1.1654560746567286
93,43000000,1.938362667264904,1.152964503867455
93,93000000,1.9258710964756305,1.140472933078181
93,143000000,1.913753524811784,1.128355361414335
93,193000000,1.901561153322852,1.116162989925403
93,243000000,1.8896679811342616,1.104269817736813
93,293000000,1.8776252092955008,1.0922270458980523
93,343000000,1.8655076376316544,1.080109474234206
93,393000000,1.8540632643935773,1.068665100996129
93,443000000,1.842544091330415,1.0571459279329662
93,493000000,1.8308753186170816,1.0454771552196327
93,543000000,1.81950574520409,1.0341075818066412
93,593000000,1.8080613719660128,1.022663208568564
93,643000000,1.796691798553021,1.0112936351555724
93,693000000,1.7860702233908838,1.0006720599934351
93,743000000,1.7753738484036616,0.9899756850062128
93,793000000,1.765126272366952,0.9797281089695032
93,843000000,1.7548786963302423,0.969480532932794
93,893000000,1.7447059201186184,0.9593077567211696
93,943000000,1.7343835442568236,0.9489853808593748
93,993000000,1.7248839664709688,0.9394858030735196
94,43000000,1.7155339883352847,0.9301358249378358
94,93000000,1.707006808275541,0.921608644878092
94,141000000,1.6983300285656262,0.9129318651681771
94,191000000,1.6897280486807973,0.9043298852833482
94,241000000,1.6809764691457971,0.8955783057483481
94,291000000,1.6730476876867368,0.8876495242892882
94,341000000,1.6652685058778478,0.8798703424803992
94,391000000,1.6581625224947285,0.8727643590972795
94,441000000,1.651280938586865,0.865882775189416
94,491000000,1.6446985539793433,0.8593003905818946
94,541000000,1.6380413695467366,0.8526432061492876
94,591000000,1.6321321833649842,0.8467340199675353
94,641000000,1.6261481973581466,0.8407500339606977
94,691000000,1.620463410651651,0.8350652472542018
94,741000000,1.6150030234204111,0.8296048600229624
94,791000000,1.6102158346149409,0.8248176712174922
94,841000000,1.605578245459642,0.8201800820621931
94,891000000,1.6016138547301118,0.816215691332663
94,941000000,1.5978738634758385,0.8124757000783895
94,991000000,1.5944330715219068,0.8090349081244579
95,41000000,1.5909174797428896,0.8055193163454407
95,91000000,1.5881498862147272,0.8027517228172782
95,141000000,1.5853074928614792,0.7999093294640303
95,191000000,1.5827642988085733,0.7973661354111243
95,241000000,1.5805951038810946,0.7951969404836456
95,291000000,1.5787251082539575,0.7933269448565088
95,341000000,1.5769299124519065,0.7915317490544576
95,391000000,1.5753591161251117,0.7899609527276626
95,441000000,1.574012719273573,0.7886145558761242
95,491000000,1.57274112224712,0.7873429588496712
95,541000000,1.571768724521009,0.7863705611235601
95,591000000,1.571170325920325,0.7857721625228763
95,641000000,1.5708711266199833,0.7854729632225343
95,691000000,1.5706467271447269,0.7853981633974483
95,741000000,1.5707963267948977,0.7853981633974488
95,791000000,1.5707963267948977,0.7853981633974488
95,841000000,1.5707963267948977,0.7853981633974488
95,891000000,1.5707963267948977,0.7853981633974488
95,941000000,1.5707963267948977,0.7853981633974488
95,991000000,1.5707963267948977,0.7853981633974488
96,41000000,1.5707963267948977,0.7853981633974488
96,91000000,1.5707963267948977,0.7853981633974488
96,141000000,1.5707963267948977,0.7853981633974488
96,191000000,1.5707963267948977,0.7853981633974488
96,241000000,1.5707963267948977,0.7853981633974488
96,291000000,1.5707963267948977,0.7853981633974488
96,341000000,1.5707963267948977,0.7853981633974488
96,391000000,1.5707963267948977,0.7853981633974488
96,441000000,1.5707963267948977,0.7853981633974488
96,491000000,1.5707963267948977,0.7853981633974488
96,541000000,1.5707963267948977,0.7853981633974488
96,591000000,1.5707963267948977,0.7853981633974488
96,641000000,1.5707963267948977,0.7853981633974488
96,691000000,1.5707963267948977,0.7853981633974488
96,741000000,1.5707963267948977,0.7853981633974488
96,791000000,1.5707963267948977,0.7853981633974488
96,841000000,1.5707963267948977,0.7853981633974488
96,891000000,1.5707963267948977,0.7853981633974488
96,941000000,1.5707963267948977,0.7853981633974488
96,991000000,1.5707963267948977,0.7853981633974488
97,41000000,1.5707963267948977,0.7853981633974488
97,91000000,1.5707963267948977,0.7853981633974488
97,141000000,1.5707963267948977,0.7853981633974488
97,191000000,1.5707963267948977,0.7853981633974488
97,241000000,1.5707963267948977,0.7853981633974488
97,291000000,1.5707963267948977,0.7853981633974488
97,341000000,1.5707963267948977,0.7853981633974488
97,391000000,1.5707963267948977,0.7853981633974488
97,441000000,1.5707963267948977,0.7853981633974488
97,491000000,1.5707963267948977,0.7853981633974488
97,541000000,1.5707963267948977,0.7853981633974488
97,591000000,1.5707963267948977,0.7853981633974488
97,641000000,1.5707963267948977,0.7853981633974488
97,691000000,1.5707963267948977,0.7853981633974488
97,741000000,1.5707963267948977,0.7853981633974488
97,791000000,1.5707963267948977,0.7853981633974488
97,841000000,1.5707963267948977,0.7853981633974488
97,891000000,1.5707963267948977,0.7853981633974488
97,941000000,1.5707963267948977,0.7853981633974488
97,991000000,1.5707963267948977,0.7853981633974488
98,41000000,1.5707963267948977,0.7853981633974488
98,91000000,1.5707963267948977,0.7853981633974488
98,141000000,1.5707963267948977,0.7853981633974488
98,191000000,1.5707963267948977,0.7853981633974488
98,241000000,1.5707963267948977,0.7853981633974488
98,291000000,1.5707963267948977,0.7853981633974488
98,341000000,1.5707963267948977,0.7853981633974488
98,391000000,1.5707963267948977,0.7853981633974488
98,441000000,1.5707963267948977,0.7853981633974488
98,491000000,1.5707963267948977,0.7853981633974488
98,541000000,1.5707963267948977,0.7853981633974488
98,591000000,1.5707963267948977,0.7853981633974488
98,641000000,1.5707963267948977,0.7853981633974488
98,691000000,1.5707963267948977,0.7853981633974488
98,741000000,1.5707963267948977,0.7853981633974488
98,791000000,1.5707963267948977,0.7853981633974488
98,841000000,1.5707963267948977,0.7853981633974488
98,891000000,1.5707963267948977,0.7853981633974488
98,941000000,1.5707963267948977,0.7853981633974488
98,991000000,1.5707963267948977,0.7853981633974488
99,41000000,1.5707963267948977,0.7853981633974488
99,91000000,1.5707963267948977,0.7853981633974488
99,141000000,1.5707963267948977,0.7853981633974488
99,191000000,1.5707963267948977,0.7853981633974488
99,241000000,1.5707963267948977,0.7853981633974488
99,291000000,1.5707963267948977,0.7853981633974488
99,341000000,1.5707963267948977,0.7853981633974483
99,391000000,1.5707963267948977,0.7854729632225343
99,441000000,1.5707963267948977,0.7857721625228763
99,491000000,1.5707963267948977,0.7863705611235601
99,541000000,1.5707963267948977,0.7873429588496712
99,591000000,1.5707963267948977,0.7886145558761242
99,641000000,1.5707963267948977,0.7899609527276626
99,691000000,1.5707963267948977,0.7915317490544576
99,741000000,1.5707963267948977,0.7933269448565088
99,791000000,1.5707963267948977,0.7951969404836456
99,841000000,1.5707963267948977,0.7973661354111243
99,891000000,1.5707963267948977,0.7999093294640303
99,941000000,1.5707963267948977,0.8027517228172782
99,991000000,1.5707963267948977,0.8055193163454407
100,41000000,1.5707963267948977,0.8090349081244579
100,91000000,1.5707963267948977,0.8124757000783895
100,141000000,1.5707963267948977,0.816215691332663
100,191000000,1.5707963267948977,0.8201800820621931
100,241000000,1.5707963267948977,0.8248176712174922
100,291000000,1.5707963267948977,0.8296048600229624
100,341000000,1.5707963267948977,0.8350652472542018
100,391000000,1.5707963267948977,0.8407500339606977
100,441000000,1.5707963267948977,0.8467340199675353
100,491000000,1.5707963267948977,0.8526432061492876
100,541000000,1.5707963267948977,0.8593003905818946
100,591000000,1.5707963267948977,0.865882775189416
100,641000000,1.5707963267948977,0.8727643590972795
100,691000000,1.5707963267948977,0.8798703424803992
100,741000000,1.5707963267948977,0.8876495242892882
100,791000000,1.5707963267948977,0.8955783057483481
100,841000000,1.5707963267948977,0.9043298852833482
100,891000000,1.5707963267948977,0.9129318651681771
100,941000000,1.5707963267948977,0.921608644878092
100,991000000,1.5707963267948977,0.9301358249378358
101,41000000,1.5707963267948977,0.9394858030735196
101,91000000,1.5707963267948977,0.9489853808593748
101,141000000,1.5707963267948977,0.9593077567211696
101,191000000,1.5707963267948977,0.969480532932794
101,241000000,1.5707963267948977,0.9797281089695032
101,291000000,1.5707963267948977,0.9899756850062128
101,341000000,1.5707963267948977,1.0006720599934351
101,391000000,1.5707963267948977,1.0114432348057432
101,441000000,1.5707963267948977,1.0224388090933076
101,491000000,1.5707963267948977,1.0336587828561283
101,541000000,1.5707963267948977,1.0449535564440344
101,591000000,1.5707963267948977,1.0566971289824534
101,641000000,1.5707963267948977,1.0684407015208723
101,691000000,1.5707963267948977,1.080259073884377
101,741000000,1.5707963267948977,1.0922270458980523
101,791000000,1.5707963267948977,1.104269817736813
101,841000000,1.5707963267948977,1.116162989925403
101,891000000,1.5707963267948977,1.128355361414335
101,941000000,1.5707963267948977,1.140622532728352
101,991000000,1.5707963267948977,1.1527401043921983
102,41000000,1.5707963267948977,1.1650072757062158
102,91000000,1.5707963267948977,1.1770500475449768
102,141000000,1.5707963267948977,1.189167619208823
102,191000000,1.5707963267948977,1.2016591899980966
102,241000000,1.5707963267948977,1.2141507607873705
102,291000000,1.5707963267948977,1.2262683324512167
102,341000000,1.5707963267948977,1.2384607039401487
102,391000000,1.5707963267948977,1.2503538761287385
102,441000000,1.5707963267948977,1.2623966479674995
102,491000000,1.5707963267948977,1.274514219631346
102,541000000,1.5707963267948977,1.285958592869423
102,591000000,1.5707963267948977,1.2974777659325856
102,641000000,1.5707963267948977,1.3091465386459191
102,691000000,1.5707963267948977,1.3205161120589106
102,741000000,1.5707963267948977,1.331960485296988
102,791000000,1.5707963267948977,1.3433300587099797
102,841000000,1.5707963267948977,1.3539516338721165
102,891000000,1.5707963267948977,1.364648008859339
102,941000000,1.5707963267948977,1.3748955848960485
102,991000000,1.5707963267948977,1.385143160932758
103,41000000,1.5707963267948977,1.3953159371443822
103,91000000,1.5707963267948977,1.4056383130061771
103,141000000,1.5707963267948977,1.4151378907920318
103,191000000,1.5707963267948977,1.4244878689277156
103,241000000,1.5707963267948977,1.4330150489874596
103,291000000,1.5707963267948977,1.441691828697374
103,341000000,1.5707963267948977,1.4502938085822032
103,391000000,1.5707963267948977,1.4590453881172034
103,441000000,1.5707963267948977,1.4669741695762637
103,491000000,1.5707963267948977,1.4747533513851527
103,541000000,1.5707963267948977,1.4818593347682727
103,591000000,1.5707963267948977,1.4887409186761358
103,641000000,1.5707963267948977,1.4953233032836573
103,691000000,1.5707963267948977,1.5019804877162644
103,741000000,1.5707963267948977,1.5078896738980163
103,791000000,1.5707963267948977,1.513873659904854
103,841000000,1.5707963267948977,1.51955844661135
103,891000000,1.5707963267948977,1.5250188338425894
103,941000000,1.5707963267948977,1.5298060226480596
103,991000000,1.5707963267948977,1.5344436118033586
104,41000000,1.5707963267948977,1.5384080025328888
104,91000000,1.5707963267948977,1.5421479937871625
104,130000000,1.5707963267948977,1.545588785741094
104,173000000,1.5707963267948977,1.549104377520111
104,217000000,1.5707963267948977,1.5518719710482736
104,267000000,1.5707963267948977,1.5547143644015216
104,317000000,1.5707963267948977,1.5572575584544273
104,367000000,1.5707963267948977,1.559426753381906
104,417000000,1.5707963267948977,1.5612967490090428
104,467000000,1.5707963267948977,1.5630919448110945
104,517000000,1.5707963267948977,1.564662741137889
104,567000000,1.5707963267948977,1.5660091379894274
104,617000000,1.5707963267948977,1.5672807350158804
104,667000000,1.5707963267948977,1.5682531327419915
104,717000000,1.5707963267948977,1.5688515313426752
104,767000000,1.5707963267948977,1.5691507306430172
104,817000000,1.5707963267948977,1.5693751301182737
104,867000000,1.5707963267948977,1.5692255304681026
104,917000000,1.5707963267948977,1.5692255304681026
104,967000000,1.5707963267948977,1.5690759308179316
105,17000000,1.5707963267948977,1.569300330293188
105,67000000,1.5707963267948977,1.569749129243701
105,117000000,1.5707963267948977,1.5702727280192994
105,167000000,1.5707963267948977,1.5707215269698125
105,217000000,1.5707963267948977,1.5709459264450687
105,267000000,1.5707963267948977,1.5707963267948977
105,317000000,1.5707963267948977,1.5707963267948977
105,367000000,1.5707963267948977,1.5707963267948977
105,417000000,1.5707963267948977,1.5707963267948977
105,467000000,1.5707963267948977,1.5707963267948977
105,517000000,1.5707963267948977,1.5707963267948977
105,567000000,1.5707963267948977,1.5707963267948977
105,617000000,1.5707963267948977,1.5707963267948977
105,667000000,1.5707963267948977,1.5707963267948977
105,717000000,1.5707963267948977,1.5707963267948977
105,767000000,1.5707963267948977,1.5707963267948977
105,817000000,1.5707963267948977,1.5707963267948977
105,867000000,1.5707963267948977,1.5707963267948977
105,917000000,1.5707963267948977,1.5707963267948977
105,967000000,1.5707963267948977,1.5707963267948977
106,17000000,1.5707963267948977,1.5707963267948977
106,67000000,1.5707963267948977,1.5707963267948977
106,117000000,1.5707963267948977,1.5707963267948977
106,167000000,1.5707963267948977,1.5707963267948977
106,217000000,1.5707963267948977,1.5707963267948977
106,267000000,1.5707963267948977,1.5707963267948977
106,317000000,1.5707963267948977,1.5707963267948977
106,367000000,1.5707963267948977,1.5707963267948977
106,417000000,1.5707963267948977,1.5707963267948977
106,467000000,1.5707963267948977,1.5707963267948977
106,517000000,1.5707963267948977,1.5707963267948977
106,567000000,1.5707963267948977,1.5707963267948977
106,617000000,1.5707963267948977,1.5707963267948977
106,667000000,1.5707963267948977,1.5707963267948977
106,717000000,1.5707963267948977,1.5707963267948977
106,767000000,1.5707963267948977,1.5707963267948977
106,817000000,1.5707963267948977,1.5707963267948977
106,867000000,1.5707963267948977,1.5707963267948977
106,917000000,1.5707963267948977,1.5707963267948977
106,967000000,1.5707963267948977,1.5707963267948977
107,17000000,1.5707963267948977,1.5707963267948977
107,67000000,1.5707963267948977,1.5707963267948977
107,117000000,1.5707963267948977,1.5707963267948977
107,167000000,1.5707963267948977,1.5707963267948977
107,217000000,1.5707963267948977,1.5707963267948977
107,267000000,1.5707963267948977,1.5707963267948977
107,317000000,1.5707963267948977,1.5707963267948977
107,367000000,1.5707963267948977,1.5707963267948977
107,417000000,1.5707963267948977,1.5707963267948977
107,467000000,1.5707963267948977,1.5707963267948977
107,517000000,1.5707963267948977,1.5707963267948977
107,567000000,1.5707963267948977,1.5707963267948977
107,617000000,1.5707963267948977,1.5707963267948977
107,667000000,1.5707963267948977,1.5707963267948977
107,717000000,1.5707963267948977,1.5707963267948977
107,767000000,1.5707963267948977,1.5707963267948977
107,817000000,1.5707963267948977,1.5707963267948977
107,867000000,1.5707963267948977,1.5707963267948977
107,917000000,1.5707963267948977,1.5707963267948977
107,967000000,1.5707963267948977,1.5707963267948977
108,17000000,1.5707963267948977,1.5707963267948977
108,67000000,1.5707963267948977,1.5707963267948977
108,117000000,1.5709459264450687,1.5707963267948977
108,167000000,1.5707215269698125,1.5707963267948977
108,217000000,1.5702727280192994,1.5707963267948977
108,267000000,1.569749129243701,1.5707963267948977
108,317000000,1.569300330293188,1.5707963267948977
108,367000000,1.5690759308179316,1.5707963267948977
108,417000000,1.5692255304681026,1.5707963267948977
108,467000000,1.5693751301182737,1.5707963267948977
108,517000000,1.5691507306430172,1.5707963267948977
108,567000000,1.5688515313426752,1.5707963267948977
108,617000000,1.5682531327419915,1.5707963267948977
108,667000000,1.5672807350158804,1.5707963267948977
108,717000000,1.5660091379894274,1.5707963267948977
108,767000000,1.564662741137889,1.5707963267948977
108,817000000,1.5630919448110945,1.5707963267948977
108,867000000,1.5612967490090428,1.5707963267948977
108,917000000,1.559426753381906,1.5707963267948977
108,967000000,1.5572575584544273,1.5707963267948977
109,17000000,1.5547143644015216,1.5707963267948977
109,67000000,1.5518719710482736,1.5707963267948977
109,117000000,1.549104377520111,1.5707963267948977
109,167000000,1.545588785741094,1.5707963267948977
109,217000000,1.5421479937871625,1.5707963267948977
109,267000000,1.5384080025328888,1.5707963267948977
109,317000000,1.5344436118033586,1.5707963267948977
109,367000000,1.5298060226480596,1.5707963267948977
109,417000000,1.5250188338425894,1.5707963267948977
109,467000000,1.51955844661135,1.5707963267948977
109,517000000,1.513873659904854,1.5707963267948977
109,567000000,1.5078896738980163,1.5707963267948977
109,617000000,1.5019804877162644,1.5707963267948977
109,667000000,1.4953233032836573,1.5707963267948977
109,717000000,1.4887409186761358,1.5707963267948977
109,767000000,1.4818593347682727,1.5707963267948977
109,817000000,1.4747533513851527,1.5707963267948977
109,867000000,1.4669741695762637,1.5707963267948977
109,917000000,1.4590453881172034,1.5707963267948977
109,967000000,1.4502938085822032,1.5707963267948977
110,17000000,1.441691828697374,1.5707963267948977
110,67000000,1.4330150489874596,1.5707963267948977
110,117000000,1.4244878689277156,1.5707963267948977
110,167000000,1.4151378907920318,1.5707963267948977
110,217000000,1.4056383130061771,1.5707963267948977
110,267000000,1.3953159371443822,1.5707963267948977
110,317000000,1.385143160932758,1.5707963267948977
110,367000000,1.3748955848960485,1.5707963267948977
110,417000000,1.364648008859339,1.5707963267948977
110,467000000,1.3539516338721165,1.5707963267948977
110,517000000,1.3431804590598089,1.5707963267948977
110,567000000,1.3321848847722442,1.5707963267948977
110,617000000,1.3209649110094237,1.5707963267948977
110,667000000,1.3096701374215174,1.5707963267948977
110,717000000,1.2979265648830984,1.5707963267948977
110,767000000,1.2861829923446797,1.5707963267948977
110,817000000,1.2743646199811751,1.5707963267948977
110,867000000,1.2623966479674995,1.5707963267948977
110,917000000,1.2503538761287385,1.5707963267948977
110,967000000,1.2384607039401487,1.5707963267948977
111,17000000,1.2262683324512167,1.5707963267948977
111,67000000,1.2140011611371997,1.5707963267948977
111,117000000,1.201883589473353,1.5707963267948977
111,167000000,1.1896164181593356,1.5707963267948977
111,217000000,1.177573646320575,1.5707963267948977
111,267000000,1.1654560746567286,1.5707963267948977
111,317000000,1.152964503867455,1.5707963267948977
111,367000000,1.140472933078181,1.5707963267948977
111,417000000,1.128355361414335,1.5707963267948977
111,467000000,1.116162989925403,1.5707963267948977
111,517000000,1.104269817736813,1.5707963267948977
111,567000000,1.0922270458980523,1.5707963267948977
111,617000000,1.080109474234206,1.5707963267948977
111,667000000,1.068665100996129,1.5707963267948977
111,717000000,1.0571459279329662,1.5707963267948977
111,767000000,1.0454771552196327,1.5707963267948977
111,817000000,1.0341075818066412,1.5707963267948977
111,867000000,1.022663208568564,1.5707963267948977
111,916000000,1.0112936351555724,1.5707963267948977
111,966000000,1.0006720599934351,1.5707963267948977
112,16000000,0.9899756850062128,1.5707963267948977
112,66000000,0.9797281089695032,1.5707963267948977
112,114000000,0.969480532932794,1.5707963267948977
112,165000000,0.9593077567211696,1.5707963267948977
112,215000000,0.9489853808593748,1.5707963267948977
112,265000000,0.9394858030735196,1.5707963267948977
112,315000000,0.9301358249378358,1.5707963267948977
112,365000000,0.921608644878092,1.5707963267948977
112,415000000,0.9129318651681771,1.5707963267948977
112,465000000,0.9043298852833482,1.5707963267948977
112,515000000,0.8955783057483481,1.5707963267948977
112,565000000,0.8876495242892882,1.5707963267948977
112,615000000,0.8798703424803992,1.5707963267948977
112,665000000,0.8727643590972795,1.5707963267948977
112,715000000,0.865882775189416,1.5707963267948977
112,765000000,0.8593003905818946,1.5707963267948977
112,815000000,0.8526432061492876,1.5707963267948977
112,865000000,0.8467340199675353,1.5707963267948977
112,915000000,0.8407500339606977,1.5707963267948977
112,965000000,0.8350652472542018,1.5707963267948977
113,15000000,0.8296048600229624,1.5707963267948977
113,65000000,0.8248176712174922,1.5707963267948977
113,115000000,0.8201800820621931,1.5707963267948977
113,165000000,0.816215691332663,1.5707963267948977
113,215000000,0.8124757000783895,1.5707963267948977
113,265000000,0.8090349081244579,1.5707963267948977
113,315000000,0.8055193163454407,1.5707963267948977
113,365000000,0.8027517228172782,1.5707963267948977
113,415000000,0.7999093294640303,1.5707963267948977
113,465000000,0.7973661354111243,1.5707963267948977
113,515000000,0.7951969404836456,1.5707963267948977
113,565000000,0.7933269448565088,1.5707963267948977
113,615000000,0.7915317490544576,1.5707963267948977
113,665000000,0.7899609527276626,1.5707963267948977
113,715000000,0.7886145558761242,1.5707963267948977
113,765000000,0.7873429588496712,1.5707963267948977
113,815000000,0.7863705611235601,1.5707963267948977
113,865000000,0.7857721625228763,1.5707963267948977
113,915000000,0.7854729632225343,1.5707963267948977
113,965000000,0.7852485637472779,1.5707963267948977
114,15000000,0.7853981633974488,1.5707963267948977
114,65000000,0.7853981633974488,1.5707963267948977
114,115000000,0.7853981633974488,1.5707963267948977
114,165000000,0.7853981633974488,1.5707963267948977
114,215000000,0.7853981633974488,1.5707963267948977
114,265000000,0.7853981633974488,1.5707963267948977
114,315000000,0.7853981633974488,1.5707963267948977
114,364000000,0.7853981633974488,1.5707963267948977
114,415000000,0.7853981633974488,1.5707963267948977
114,465000000,0.7853981633974488,1.5707963267948977
114,515000000,0.7853981633974488,1.5707963267948977
114,565000000,0.7853981633974488,1.5707963267948977
114,614000000,0.7853981633974488,1.5707963267948977
114,665000000,0.7853981633974488,1.5707963267948977
114,715000000,0.7853981633974488,1.5707963267948977
114,765000000,0.7853981633974488,1.5707963267948977
114,815000000,0.7853981633974488,1.5707963267948977
114,864000000,0.7853981633974488,1.5707963267948977
114,915000000,0.7853981633974488,1.5707963267948977
114,965000000,0.7853981633974488,1.5707963267948977
115,15000000,0.7853981633974488,1.5707963267948977
115,65000000,0.7853981633974488,1.5707963267948977
115,113000000,0.7853981633974488,1.5707963267948977
115,165000000,0.7853981633974488,1.5707963267948977
115,215000000,0.7853981633974488,1.5707963267948977
115,265000000,0.7853981633974488,1.5707963267948977
115,315000000,0.7853981633974488,1.5707963267948977
115,365000000,0.7853981633974488,1.5707963267948977
115,415000000,0.7853981633974488,1.5707963267948977
115,453000000,0.7853981633974488,1.5707963267948977
115,497000000,0.7853981633974488,1.5707963267948977
115,544000000,0.7853981633974488,1.5707963267948977
115,594000000,0.7853981633974488,1.5707963267948977
115,644000000,0.7853981633974488,1.5707963267948977
115,694000000,0.7853981633974488,1.5707963267948977
115,744000000,0.7853981633974488,1.5707963267948977
115,794000000,0.7853981633974488,1.5707963267948977
115,844000000,0.7853981633974488,1.5707963267948977
115,894000000,0.7853981633974488,1.5707963267948977
115,944000000,0.7853981633974488,1.5707963267948977
115,994000000,0.7853981633974488,1.5707963267948977
116,44000000,0.7853981633974488,1.5707963267948977
116,94000000,0.7853981633974488,1.5707963267948977
116,144000000,0.7853981633974488,1.5707963267948977
116,194000000,0.7853981633974488,1.5707963267948977
116,244000000,0.7853981633974488,1.5707963267948977
116,294000000,0.7853981633974488,1.5707963267948977
116,344000000,0.7853981633974488,1.5707963267948977
116,394000000,0.7853981633974488,1.5707963267948977
116,444000000,0.7853981633974488,1.5707963267948977
116,494000000,0.7853981633974488,1.5707963267948977
116,544000000,0.7853981633974488,1.5707963267948977
116,594000000,0.7853981633974488,1.5707963267948977
116,644000000,0.7853981633974488,1.5707963267948977
116,694000000,0.7853981633974488,1.5707963267948977
116,744000000,0.7853981633974488,1.5707963267948977
116,794000000,0.7853981633974488,1.5707963267948977
116,844000000,0.7853981633974488,1.5707963267948977
116,894000000,0.7853981633974488,1.5707963267948977
116,944000000,0.7853981633974488,1.5707963267948977
116,994000000,0.7853981633974488,1.5707963267948977
117,44000000,0.7853981633974488,1.5707963267948977
117,94000000,0.7853981633974488,1.5707963267948977
117,144000000,0.7853981633974488,1.5707963267948977
117,194000000,0.7853981633974488,1.5707963267948977
117,244000000,0.7855477630476198,1.5707963267948977
117,294000000,0.7853233635723633,1.5707963267948977
117,344000000,0.7848745646218506,1.5707963267948977
117,394000000,0.7843509658462522,1.5707963267948977
117,444000000,0.7839021668957393,1.5707963267948977
117,494000000,0.7836777674204829,1.5707963267948977
117,544000000,0.7838273670706539,1.5707963267948977
117,594000000,0.783976966720825,1.5707963267948977
117,644000000,0.7837525672455685,1.5707963267948977
117,694000000,0.7834533679452265,1.5707963267948977
117,744000000,0.7828549693445428,1.5707963267948977
117,794000000,0.7818825716184317,1.5707963267948977
117,843000000,0.7806109745919787,1.5707963267948977
117,894000000,0.7792645777404401,1.5707963267948977
117,944000000,0.7776937814136453,1.5707963267948977
117,994000000,0.7758985856115941,1.5707963267948977
118,44000000,0.7740285899844572,1.5707963267948977
118,94000000,0.7718593950569785,1.5707963267948977
118,144000000,0.7693162010040726,1.5707963267948977
118,194000000,0.7664738076508246,1.5707963267948977
118,244000000,0.7637062141226623,1.5707963267948977
118,294000000,0.760190622343645,1.5707963267948977
118,344000000,0.7567498303897134,1.5707963267948977
118,394000000,0.7530098391354398,1.5707963267948977
118,444000000,0.7490454484059098,1.5707963267948977
118,494000000,0.7444078592506106,1.5707963267948977
118,544000000,0.7396206704451405,1.5707963267948977
118,594000000,0.734160283213901,1.5707963267948977
118,644000000,0.7284754965074052,1.5707963267948977
118,694000000,0.7224915105005675,1.5707963267948977
118,744000000,0.7165823243188152,1.5707963267948977
118,794000000,0.7099251398862083,1.5707963267948977
118,844000000,0.7033427552786868,1.5707963267948977
118,894000000,0.6964611713708233,1.5707963267948977
118,944000000,0.6893551879877037,1.5707963267948977
118,994000000,0.6815760061788148,1.5707963267948977
119,44000000,0.6736472247197547,1.5707963267948977
119,94000000,0.6648956451847545,1.5707963267948977
119,144000000,0.6562936652999254,1.5707963267948977
119,194000000,0.6476168855900107,1.5707963267948977
119,243000000,0.6390897055302671,1.5707963267948977
119,294000000,0.6297397273945831,1.5707963267948977
119,344000000,0.6202401496087282,1.5707963267948977
119,394000000,0.6099177737469332,1.5707963267948977
119,443000000,0.5997449975353091,1.5707963267948977
119,493000000,0.5894974214985995,1.5707963267948977
119,543000000,0.5792498454618898,1.5707963267948977
119,593000000,0.5685534704746674,1.5707963267948977
119,641000000,0.5577822956623595,1.5707963267948977
119,691000000,0.5467867213747952,1.5707963267948977
119,741000000,0.5355667476119746,1.5707963267948977
119,791000000,0.5242719740240686,1.5707963267948977
119,841000000,0.5125284014856495,1.5707963267948977
119,891000000,0.5007848289472305,1.5707963267948977
119,941000000,0.488966456583726,1.5707963267948977
119,991000000,0.4769984845700505,1.5707963267948977
120,41000000,0.4649557127312896,1.5707963267948977
120,91000000,0.4530625405426998,1.5707963267948977
120,141000000,0.4408701690537679,1.5707963267948977
120,191000000,0.4286029977397506,1.5707963267948977
120,241000000,0.4164854260759043,1.5707963267948977
120,291000000,0.404218254761887,1.5707963267948977
120,341000000,0.3921754829231261,1.5707963267948977
120,391000000,0.3800579112592797,1.5707963267948977
120,441000000,0.367566340470006,1.5707963267948977
120,491000000,0.3550747696807323,1.5707963267948977
120,541000000,0.3429571980168859,1.5707963267948977
120,591000000,0.3307648265279541,1.5707963267948977
120,641000000,0.3188716543393642,1.5707963267948977
120,691000000,0.3068288825006033,1.5707963267948977
120,741000000,0.294711310836757,1.5707963267948977
120,791000000,0.2832669375986799,1.5707963267948977
120,841000000,0.2717477645355173,1.5707963267948977
120,891000000,0.2600789918221837,1.5707963267948977
120,941000000,0.2487094184091921,1.5707963267948977
120,991000000,0.237265045171115,1.5707963267948977
121,41000000,0.2258954717581233,1.5707963267948977
121,91000000,0.2152738965959864,1.5707963267948977
121,141000000,0.204577521608764,1.5707963267948977
121,191000000,0.1943299455720544,1.5707963267948977
121,241000000,0.1840823695353449,1.5707963267948977
121,291000000,0.1739095933237208,1.5707963267948977
121,341000000,0.1635872174619257,1.5707963267948977
121,391000000,0.1540876396760709,1.5707963267948977
121,441000000,0.1447376615403869,1.5707963267948977
121,491000000,0.1362104814806432,1.5707963267948977
121,541000000,0.1275337017707286,1.5707963267948977
121,591000000,0.1189317218858993,1.5707963267948977
121,641000000,0.1101801423508992,1.5707963267948977
121,691000000,0.1022513608918392,1.5707963267948977
121,741000000,0.0944721790829502,1.5707963267948977
121,791000000,0.0873661956998304,1.5707963267948977
121,841000000,0.0804846117919671,1.5707963267948977
121,890000000,0.0739022271844456,1.5707963267948977
121,940000000,0.0672450427518386,1.5707963267948977
121,990000000,0.0613358565700864,1.5707963267948977
122,40000000,0.0553518705632487,1.5707963267948977
122,90000000,0.0496670838567529,1.5707963267948977
122,140000000,0.0442066966255135,1.5707963267948977
122,190000000,0.0394195078200433,1.5707963267948977
122,240000000,0.0347819186647441,1.5707963267948977
122,290000000,0.0308175279352141,1.5707963267948977
122,340000000,0.0270775366809405,1.5707963267948977
122,390000000,0.0236367447270088,1.5707963267948977
122,440000000,0.0201211529479917,1.5707963267948977
122,490000000,0.0173535594198292,1.5707963267948977
122,540000000,0.0145111660665813,1.5707963267948977
122,590000000,0.0119679720136753,1.5707963267948977
122,640000000,0.0097987770861966,1.5707963267948977
122,690000000,0.0079287814590598,1.5707963267948977
122,740000000,0.0061335856570085,1.5707963267948977
122,790000000,0.0045627893302136,1.5707963267948977
122,840000000,0.0032163924786751,1.5707963267948977
122,890000000,0.0019447954522221,1.5707963267948977
122,940000000,0.000972397726111,1.5707963267948977
122,990000000,0.0003739991254273,1.5707963267948977
123,40000000,7.47998250854667e-05,1.5707963267948977
123,90000000,0.0,1.5707963267948977
123,140000000,0.0,1.5707963267948977
123,190000000,0.0,1.5707963267948977
123,240000000,0.0,1.5707963267948977
123,290000000,0.0,1.5707963267948977
123,340000000,0.0,1.5707963267948977
123,390000000,0.0,1.5707963267948977
123,440000000,0.0,1.5707963267948977
123,490000000,0.0,1.5707963267948977
123,540000000,0.0,1.5707963267948977
123,590000000,0.0,1.5707963267948977
123,640000000,0.0,1.5707963267948977
123,690000000,0.0,1.5707963267948977
123,740000000,0.0,1.5707963267948977
123,790000000,0.0,1.5707963267948977
123,840000000,0.0,1.5707963267948977
123,890000000,0.0,1.5707963267948977
123,940000000,0.0,1.5707963267948977
123,990000000,0.0,1.5707963267948977
124,40000000,0.0,1.5707963267948977
124,90000000,0.0,1.5707963267948977
124,140000000,0.0,1.5707963267948977
124,190000000,0.0,1.5707963267948977
124,240000000,0.0,1.5707963267948977
124,290000000,0.0,1.5707963267948977
124,340000000,0.0,1.5707963267948977
124,390000000,0.0,1.5707963267948977
124,440000000,0.0,1.5707963267948977
124,490000000,0.0,1.5707963267948977
124,540000000,0.0,1.5707963267948977
124,590000000,0.0,1.5707963267948977
124,640000000,0.0,1.5707963267948977
124,690000000,0.0,1.5707963267948977
124,740000000,0.0,1.5707963267948977
124,790000000,0.0,1.5707963267948977
124,840000000,0.0,1.5707963267948977
124,890000000,0.0,1.5707963267948977
124,940000000,0.0,1.5707963267948977
124,990000000,0.0,1.5707963267948977
125,40000000,0.0,1.5707963267948977
125,90000000,0.0,1.5707963267948977
125,140000000,0.0,1.5707963267948977
125,190000000,0.0,1.5707963267948977
125,240000000,0.0,1.5707963267948977
125,290000000,0.0,1.5707963267948977
125,340000000,0.0,1.5707963267948977
125,390000000,0.0,1.5707963267948977
125,440000000,0.0,1.5707963267948977
125,490000000,0.0,1.5707963267948977
125,540000000,0.0,1.5707963267948977
125,590000000,0.0,1.5707963267948977
125,640000000,0.0,1.5707963267948977
125,690000000,0.0,1.5707963267948977
125,740000000,0.0,1.5707963267948977
125,790000000,0.0,1.5707963267948977
125,840000000,0.0,1.5707963267948977
125,890000000,0.0,1.5707963267948977
125,940000000,0.0,1.5707963267948977
125,990000000,0.0,1.5707963267948977
126,40000000,0.0,1.5707963267948977
126,90000000,0.0,1.5707963267948977
126,140000000,0.0,1.5707963267948977
126,190000000,0.0,1.5707963267948977
126,240000000,0.0,1.5707963267948977
126,290000000,0.0,1.5707963267948977
126,340000000,0.0,1.5707963267948977
126,390000000,0.0,1.5707963267948977
126,440000000,0.0,1.5707963267948966
126,490000000,0.0,1.5707963267948966
126,540000000,0.0,1.5707963267948966
126,590000000,0.0,1.5707963267948966
126,640000000,0.0,1.5707963267948966
126,690000000,0.0,1.5707963267948966
126,740000000,0.0,1.5707963267948966
126,790000000,0.0,1.5707963267948966
126,840000000,0.0,1.5707963267948966
126,890000000,0.0,1.5707963267948966
126,940000000,0.0,1.5707963267948966
126,990000000,0.0,1.5707963267948966
127,40000000,0.0,1.5707963267948966
127,90000000,0.0,1.5707963267948966
127,140000000,0.0,1.5707963267948966
127,190000000,0.0,1.5707963267948966
127,240000000,0.0,1.5707963267948966
127,290000000,0.0,1.5707963267948966
127,340000000,0.0,1.5707963267948966
127,390000000,0.0,1.5707963267948966
127,440000000,0.0,1.5707963267948966
127,490000000,0.0,1.5707963267948966
127,540000000,0.0,1.5707963267948966
127,590000000,0.0,1.5707963267948966
127,640000000,0.0,1.5707963267948966
127,690000000,0.0,1.5707963267948966
127,740000000,0.0,1.5707963267948966
127,790000000,0.0,1.5707963267948966
127,840000000,0.0,1.5707963267948966
127,890000000,0.0,1.5707963267948966
127,940000000,0.0,1.5707963267948966
127,990000000,0.0,1.5707963267948966
128,40000000,0.0,1.5707963267948966
128,90000000,0.0,1.5707963267948966
128,140000000,0.0,1.5707963267948966
128,190000000,0.0,1.5707963267948966
128,240000000,0.0,1.5707963267948966
128,290000000,0.0,1.5707963267948966
128,340000000,0.0,1.5707963267948966
128,390000000,0.0,1.5707963267948966
128,440000000,0.0,1.5707963267948966
128,490000000,0.0,1.5707963267948966
128,540000000,0.0,1.5707963267948966
128,590000000,0.0,1.5707963267948966
128,640000000,0.0,1.5707963267948966
128,690000000,0.0,1.5707963267948966
128,740000000,0.0,1.5707963267948966
128,790000000,0.0,1.5707963267948966
128,840000000,0.0,1.5707963267948966
128,890000000,0.0,1.5707963267948966
128,940000000,0.0,1.5707963267948966
128,990000000,0.0,1.5707963267948966
129,40000000,0.0,1.5707963267948966
129,90000000,0.0,1.5707963267948966
129,140000000,0.0,1.5707963267948966
129,190000000,0.0,1.5707963267948966
129,240000000,0.0,1.5707963267948966
129,290000000,0.0,1.5707963267948966
129,340000000,0.0,1.5707963267948966
129,390000000,0.0,1.5707963267948966
129,440000000,0.0,1.5707963267948966
129,490000000,0.0,1.5707963267948966
129,540000000,0.0,1.5707963267948966
129,590000000,0.0,1.5707963267948966
129,640000000,0.0,1.5707963267948966
129,690000000,0.0,1.5707963267948966
129,740000000,0.0,1.5707963267948966
129,790000000,0.0,1.5707963267948966
129,840000000,0.0,1.5707963267948966
129,890000000,0.0,1.5707963267948966
129,940000000,0.0,1.5707963267948966
129,990000000,0.0,1.5707963267948966
130,40000000,0.0,1.5707963267948966
130,90000000,0.0,1.5707963267948966
130,140000000,0.0,1.5707963267948966
130,190000000,0.0,1.5707963267948966
130,240000000,0.0,1.5707963267948966
130,290000000,0.0,1.5707963267948966
130,340000000,0.0,1.5707963267948966
130,390000000,0.0,1.5707963267948966
130,440000000,0.0,1.5707963267948966
130,490000000,0.0,1.5707963267948966
130,540000000,0.0,1.5707963267948966
130,590000000,0.0,1.5707963267948966
130,640000000,0.0,1.5707963267948966
130,690000000,0.0,1.5707963267948966
130,740000000,0.0,1.5707963267948966
130,790000000,0.0,1.5707963267948966
130,840000000,0.0,1.5707963267948966
130,890000000,0.0,1.5707963267948966
130,940000000,0.0,1.5707963267948966
130,990000000,0.0,1.5707963267948966
131,40000000,0.0,1.5707963267948966
131,90000000,0.0,1.5707963267948966
131,140000000,0.0,1.5707963267948966
131,190000000,0.0,1.5707963267948966
131,240000000,0.0,1.5707963267948966
131,290000000,0.0,1.5707963267948966
131,340000000,0.0,1.5707963267948966
131,390000000,0.0,1.5707963267948966
131,440000000,0.0,1.5707963267948966
131,490000000,0.0,1.5707963267948966
131,540000000,0.0,1.5707963267948966
131,590000000,0.0,1.5707963267948966
131,640000000,0.0,1.5707963267948966
131,690000000,0.0,1.5707963267948966
131,740000000,0.0,1.5707963267948966
131,790000000,0.0,1.5707963267948966
131,840000000,0.0,1.5707963267948966
131,890000000,0.0,1.5707963267948966
131,940000000,0.0,1.5707963267948966
131,990000000,0.0,1.5707963267948966
132,40000000,0.0,1.5707963267948966
132,90000000,0.0,1.5707963267948966
132,140000000,0.0,1.5707963267948966
132,190000000,0.0,1.5707963267948966
132,240000000,0.0,1.5707963267948966
132,290000000,0.0,1.5707963267948966
132,340000000,0.0,1.5707963267948966
132,390000000,0.0,1.5707963267948966
132,440000000,0.0,1.5707963267948966
132,490000000,0.0,1.5707963267948966
132,540000000,0.0,1.5707963267948966
132,590000000,0.0,1.5707963267948966
132,640000000,0.0,1.5707963267948966
132,690000000,0.0,1.5707963267948966
132,740000000,0.0,1.5707963267948966
132,790000000,0.0,1.5707963267948966
132,840000000,0.0,1.5707963267948966
132,890000000,0.0,1.5707963267948966
132,940000000,0.0,1.5707963267948966
132,990000000,0.0,1.5707963267948966
133,40000000,0.0,1.5707963267948966
133,90000000,0.0,1.5707963267948966
133,140000000,0.0,1.5707963267948966
133,190000000,0.0,1.5707963267948966
133,240000000,0.0,1.5707963267948966
133,290000000,0.0,1.5707963267948966
133,340000000,0.0,1.5707963267948966
133,390000000,0.0,1.5707963267948966
133,440000000,0.0,1.5707963267948966
133,490000000,0.0,1.5707963267948966
133,540000000,0.0,1.5707963267948966
133,590000000,0.0,1.5707963267948966
133,632000000,0.0,1.5707963267948966
