time_sec,time_nsec,x,y,z
1781337441,270080512,20.167572021484375,-7.209064483642578,3.4740653038024902
1781337441,318080512,20.1698055267334,-7.208661079406738,3.474945068359375
1781337441,370087168,20.17183494567871,-7.207172870635986,3.474797487258911
1781337441,418087168,20.173580169677734,-7.205684661865234,3.4747631549835205
1781337441,470092800,20.17546272277832,-7.204190254211426,3.475189208984375
1781337441,518092800,20.177227020263672,-7.203126907348633,3.4757320880889893
1781337441,570098944,20.179584503173828,-7.202422142028809,3.476750612258911
1781337441,618098944,20.18165397644043,-7.2017316818237305,3.4777700901031494
1781337441,670102272,20.183795928955078,-7.201119422912598,3.479194164276123
1781337441,718102272,20.18585205078125,-7.200468063354492,3.4807138442993164
1781337441,770108672,20.18830108642578,-7.199713230133057,3.4830660820007324
1781337441,818108672,20.19051742553711,-7.199085235595703,3.485320806503296
1781337441,870110464,20.192840576171875,-7.1983771324157715,3.4880993366241455
1781337441,918110464,20.194679260253906,-7.198204517364502,3.4904861450195312
1781337441,970115072,20.195762634277344,-7.199309349060059,3.492662191390991
1781337442,18115072,20.19667625427246,-7.200362205505371,3.494849920272827
1781337442,70119680,20.19778060913086,-7.20143985748291,3.497673988342285
1781337442,118119680,20.198631286621094,-7.202572345733643,3.501008987426758
1781337442,170124032,20.199716567993164,-7.204179286956787,3.506478786468506
1781337442,218124032,20.201074600219727,-7.206862926483154,3.5137250423431396
1781337442,270129920,20.20172691345215,-7.209697246551514,3.5247268676757812
1781337442,318129920,20.201751708984375,-7.212526798248291,3.536511182785034
1781337442,370137856,20.2011661529541,-7.216261863708496,3.5504536628723145
1781337442,418137856,20.200254440307617,-7.219261646270752,3.5653162002563477
1781337442,470144768,20.198104858398438,-7.2215962409973145,3.5836734771728516
1781337442,518144768,20.194599151611328,-7.223323345184326,3.603346586227417
1781337442,570149632,20.188404083251953,-7.224863529205322,3.629549503326416
1781337442,618149632,20.181589126586914,-7.2257466316223145,3.6551856994628906
1781337442,670154240,20.173023223876953,-7.225808143615723,3.686037063598633
1781337442,718154240,20.163496017456055,-7.22556209564209,3.7165098190307617
1781337442,770158592,20.150148391723633,-7.224039077758789,3.752730131149292
1781337442,818158592,20.136844635009766,-7.222789287567139,3.787221670150757
1781337442,870163200,20.121387481689453,-7.221597671508789,3.8277275562286377
1781337442,918163200,20.10617446899414,-7.220555782318115,3.8646998405456543
1781337442,970167808,20.08909034729004,-7.219803810119629,3.9073235988616943
1781337443,18167808,20.073637008666992,-7.219363212585449,3.9480395317077637
1781337443,70172416,20.056907653808594,-7.219231605529785,3.9965133666992188
1781337443,118172416,20.04235076904297,-7.218938827514648,4.042647361755371
1781337443,170179584,20.028196334838867,-7.219377517700195,4.095028400421143
1781337443,218179584,20.016538619995117,-7.219780445098877,4.1438798904418945
1781337443,270184192,20.004718780517578,-7.219696521759033,4.2004313468933105
1781337443,318184192,19.995067596435547,-7.219277858734131,4.252745151519775
1781337443,370188800,19.98514175415039,-7.218899250030518,4.312281608581543
1781337443,418188800,19.977436065673828,-7.21814489364624,4.367526054382324
1781337443,470194944,19.97043800354004,-7.216739177703857,4.431431770324707
1781337443,518194944,19.965484619140625,-7.215691089630127,4.490378379821777
1781337443,570199296,19.961610794067383,-7.21567964553833,4.5572075843811035
1781337443,618199296,19.959566116333008,-7.215760707855225,4.620983600616455
1781337443,670203904,19.958816528320312,-7.215582847595215,4.696308612823486
1781337443,718203904,19.958450317382812,-7.215480327606201,4.766724586486816
1781337443,770208256,19.9571533203125,-7.214798927307129,4.846658706665039
1781337443,818208256,19.957218170166016,-7.214174747467041,4.921581745147705
1781337443,870216192,19.959144592285156,-7.213313102722168,5.008996963500977
1781337443,918216192,19.962860107421875,-7.212273120880127,5.091521739959717
1781337443,970220800,19.970218658447266,-7.210404872894287,5.184976577758789
1781337444,18220800,19.977752685546875,-7.208630084991455,5.268829345703125
1781337444,70225408,19.98703956604004,-7.206470966339111,5.36366605758667
1781337444,118225408,19.996171951293945,-7.204278469085693,5.450159549713135
1781337444,170230016,20.00575828552246,-7.201205730438232,5.545122146606445
1781337444,218230016,20.012298583984375,-7.197212219238281,5.631021499633789
1781337444,270234624,20.020376205444336,-7.192577838897705,5.726418495178223
1781337444,318234624,20.0277156829834,-7.188441276550293,5.813607692718506
1781337444,370239488,20.03573226928711,-7.184786796569824,5.910649299621582
1781337444,418239488,20.04309844970703,-7.1807098388671875,5.996423721313477
1781337444,470245888,20.0515079498291,-7.175156116485596,6.089493751525879
1781337444,518245888,20.060325622558594,-7.16969108581543,6.173133373260498
1781337444,570250240,20.073747634887695,-7.163483619689941,6.266204357147217
1781337444,618250240,20.085750579833984,-7.157402992248535,6.348092555999756
1781337444,670254848,20.098310470581055,-7.149716377258301,6.436861515045166
1781337444,718254848,20.109485626220703,-7.142365455627441,6.513840198516846
1781337444,770259200,20.12318992614746,-7.133033752441406,6.597015857696533
1781337444,819259200,20.135337829589844,-7.1246418952941895,6.669257640838623
1781337444,870267648,20.14815330505371,-7.11505126953125,6.747527599334717
1781337444,919267648,20.159547805786133,-7.106534481048584,6.815256118774414
1781337444,970272256,20.173240661621094,-7.095191955566406,6.88516902923584
1781337445,19272256,20.185590744018555,-7.084940433502197,6.9461517333984375
1781337445,70277120,20.198768615722656,-7.073788642883301,7.013265132904053
1781337445,119277120,20.21070098876953,-7.063826560974121,7.072014331817627
1781337445,170284032,20.22479248046875,-7.051789283752441,7.133952617645264
1781337445,219284032,20.23781394958496,-7.040616512298584,7.187313079833984
1781337445,270288128,20.25210189819336,-7.028719902038574,7.247973442077637
1781337445,318288128,20.265243530273438,-7.017899990081787,7.301639080047607
1781337445,370292992,20.277551651000977,-7.008350849151611,7.355286598205566
1781337445,418292992,20.288616180419922,-7.000241756439209,7.402945518493652
1781337445,470300416,20.30071449279785,-6.992073059082031,7.4559478759765625
1781337445,519300416,20.311283111572266,-6.985345840454102,7.502234935760498
1781337445,570305024,20.31989288330078,-6.983788967132568,7.550803184509277
1781337445,618305024,20.32708740234375,-6.983870029449463,7.593298435211182
1781337445,670309632,20.335004806518555,-6.984694480895996,7.6386027336120605
1781337445,719309632,20.34104347229004,-6.986917495727539,7.677748680114746
1781337445,770314240,20.34874725341797,-6.988437652587891,7.71719217300415
1781337445,819314240,20.355459213256836,-6.990724086761475,7.751148223876953
1781337445,870322432,20.362716674804688,-6.993686199188232,7.787694931030273
1781337445,919322432,20.368844985961914,-6.997110366821289,7.820297718048096
1781337445,970330880,20.37685203552246,-7.005321025848389,7.8544392585754395
1781337446,19330880,20.383790969848633,-7.013554096221924,7.8848490715026855
1781337446,70335744,20.391014099121094,-7.022192001342773,7.9182538986206055
1781337446,119335744,20.397188186645508,-7.030433177947998,7.947795391082764
1781337446,170344448,20.403060913085938,-7.037428379058838,7.980103969573975
1781337446,219344448,20.406936645507812,-7.039499759674072,8.00832462310791
1781337446,270349312,20.41086769104004,-7.0419745445251465,8.03846549987793
1781337446,319349312,20.413965225219727,-7.044017791748047,8.064754486083984
1781337446,370354688,20.4158992767334,-7.04946231842041,8.0977201461792
1781337446,419354688,20.417078018188477,-7.054286956787109,8.126355171203613
1781337446,470360576,20.41812515258789,-7.059512615203857,8.15605354309082
1781337446,519360576,20.418460845947266,-7.06428861618042,8.181975364685059
1781337446,570365184,20.418901443481445,-7.0670318603515625,8.212743759155273
1781337446,619365184,20.41888427734375,-7.069514751434326,8.239067077636719
1781337446,670373632,20.41850471496582,-7.07264518737793,8.265313148498535
1781337446,718373632,20.417768478393555,-7.07537841796875,8.28713321685791
1781337446,770378240,20.417882919311523,-7.076025485992432,8.307947158813477
1781337446,818378240,20.41746711730957,-7.076560974121094,8.325003623962402
1781337446,870386432,20.416393280029297,-7.077784538269043,8.340059280395508
1781337446,919386432,20.415058135986328,-7.078827381134033,8.351874351501465
1781337446,970394880,20.41398048400879,-7.085392475128174,8.365132331848145
1781337447,19394880,20.41260528564453,-7.091594219207764,8.375350952148438
1781337447,70403584,20.410329818725586,-7.098275661468506,8.38313102722168
1781337447,119403584,20.40789031982422,-7.104496002197266,8.388609886169434
1781337447,170410240,20.401208877563477,-7.10944128036499,8.393552780151367
1781337447,218410240,20.393566131591797,-7.113345623016357,8.396615982055664
1781337447,270415104,20.385042190551758,-7.117948055267334,8.39675521850586
1781337447,319415104,20.37657928466797,-7.122142791748047,8.395546913146973
1781337447,370420480,20.368194580078125,-7.126598834991455,8.390584945678711
1781337447,419420480,20.360170364379883,-7.130446910858154,8.385848045349121
1781337447,470427136,20.35079002380371,-7.134769916534424,8.380829811096191
1781337447,519427136,20.34183692932129,-7.138393878936768,8.376577377319336
1781337447,570432000,20.329782485961914,-7.139352321624756,8.373258590698242
1781337447,618432000,20.318422317504883,-7.139798641204834,8.370060920715332
1781337447,670439168,20.305986404418945,-7.140480995178223,8.36596393585205
1781337447,719439168,20.294458389282227,-7.14077091217041,8.362196922302246
1781337447,770444032,20.276546478271484,-7.140754699707031,8.3602294921875
1781337447,819444032,20.259977340698242,-7.140448093414307,8.358673095703125
1781337447,870450944,20.24251365661621,-7.140478610992432,8.356698036193848
1781337447,918450944,20.22657012939453,-7.140414237976074,8.355281829833984
1781337447,970457856,20.211082458496094,-7.13836669921875,8.357781410217285
1781337448,18457856,20.196949005126953,-7.136557102203369,8.3604097366333
1781337448,70465024,20.181875228881836,-7.135200500488281,8.362410545349121
1781337448,119465024,20.168684005737305,-7.1339311599731445,8.364230155944824
1781337448,170472192,20.156455993652344,-7.131771087646484,8.367587089538574
1781337448,218472192,20.14658546447754,-7.129577159881592,8.37132740020752
1781337448,270479104,20.135976791381836,-7.127995491027832,8.374567985534668
1781337448,319479104,20.127214431762695,-7.126608848571777,8.377674102783203
1781337448,370484480,20.1176815032959,-7.124821186065674,8.382506370544434
1781337448,418484480,20.11014747619629,-7.123238563537598,8.386780738830566
1781337448,470490624,20.102684020996094,-7.122212886810303,8.390670776367188
1781337448,519490624,20.09686279296875,-7.12148904800415,8.394142150878906
1781337448,570497792,20.093961715698242,-7.119980812072754,8.401055335998535
1781337448,619497792,20.092405319213867,-7.118734359741211,8.406850814819336
1781337448,670504960,20.0913028717041,-7.118098258972168,8.408980369567871
1781337448,718504960,20.091411590576172,-7.117910861968994,8.410614967346191
1781337448,770512128,20.092817306518555,-7.116007328033447,8.41355037689209
1781337448,818512128,20.095178604125977,-7.114615440368652,8.415775299072266
1781337448,870519040,20.098587036132812,-7.1141791343688965,8.416110038757324
1781337448,919519040,20.102737426757812,-7.114173412322998,8.416001319885254
1781337448,970526208,20.108125686645508,-7.114123821258545,8.417543411254883
1781337449,19526208,20.11383056640625,-7.114558219909668,8.418733596801758
1781337449,70533632,20.12077522277832,-7.116030216217041,8.419020652770996
1781337449,118533632,20.127634048461914,-7.117722511291504,8.419281005859375
1781337449,170539008,20.136329650878906,-7.1195807456970215,8.418877601623535
1781337449,219539008,20.144948959350586,-7.121488571166992,8.418465614318848
1781337449,270546176,20.154529571533203,-7.12443733215332,8.416810035705566
1781337449,318546176,20.16327667236328,-7.127486705780029,8.415054321289062
1781337449,370553344,20.169754028320312,-7.128894329071045,8.41005802154541
1781337449,419553344,20.17562484741211,-7.130597114562988,8.40557861328125
1781337449,470558976,20.18230438232422,-7.133724689483643,8.4010591506958
1781337449,519558976,20.188161849975586,-7.136876106262207,8.39708137512207
1781337449,570566400,20.19398307800293,-7.140473365783691,8.38951301574707
1781337449,618566400,20.198915481567383,-7.144136905670166,8.382709503173828
1781337449,670573568,20.20404624938965,-7.1487274169921875,8.375564575195312
1781337449,718573568,20.208566665649414,-7.152927875518799,8.36948013305664
1781337449,770580736,20.210678100585938,-7.156197547912598,8.35858154296875
1781337449,819580736,20.212474822998047,-7.1590962409973145,8.349075317382812
1781337449,870587648,20.214603424072266,-7.162257671356201,8.340263366699219
1781337449,918587648,20.216135025024414,-7.165067195892334,8.332734107971191
1781337449,970594816,20.21261215209961,-7.167515277862549,8.322510719299316
1781337450,18594816,20.209409713745117,-7.1694560050964355,8.313873291015625
1781337450,70601984,20.20701026916504,-7.171782970428467,8.30604076385498
1781337450,119601984,20.204673767089844,-7.173748970031738,8.299800872802734
1781337450,170608640,20.20252227783203,-7.175505638122559,8.293686866760254
1781337450,219608640,20.200119018554688,-7.17581844329834,8.285898208618164
1781337450,270616064,20.198471069335938,-7.176250457763672,8.279715538024902
1781337450,319616064,20.197031021118164,-7.176204681396484,8.275562286376953
1781337450,370623232,20.193971633911133,-7.173846244812012,8.272995948791504
1781337450,419623232,20.191242218017578,-7.171253681182861,8.2718505859375
1781337450,470627072,20.18905258178711,-7.1683549880981445,8.272767066955566
1781337450,518627072,20.186983108520508,-7.165208339691162,8.274662971496582
1781337450,570634240,20.182580947875977,-7.1599531173706055,8.277857780456543
1781337450,618634240,20.178308486938477,-7.154873847961426,8.281693458557129
1781337450,670641408,20.17397689819336,-7.1493754386901855,8.287626266479492
1781337450,719641408,20.169649124145508,-7.14389705657959,8.294066429138184
1781337450,770648320,20.16228485107422,-7.135998725891113,8.302172660827637
1781337450,819648320,20.15553855895996,-7.128847599029541,8.309566497802734
1781337450,870655488,20.1488094329834,-7.12131929397583,8.318544387817383
1781337450,918655488,20.142738342285156,-7.114574909210205,8.326677322387695
1781337450,970662912,20.13388442993164,-7.1056647300720215,8.338310241699219
1781337451,18662912,20.1260929107666,-7.09817361831665,8.348323822021484
1781337451,70670336,20.118793487548828,-7.091407775878906,8.358915328979492
1781337451,118670336,20.11253547668457,-7.086257457733154,8.368021965026855
1781337451,170675712,20.105016708374023,-7.081533908843994,8.377795219421387
1781337451,219675712,20.098222732543945,-7.078134536743164,8.385815620422363
1781337451,270682880,20.091907501220703,-7.0758819580078125,8.393927574157715
1781337451,319682880,20.086505889892578,-7.074975967407227,8.400444030761719
1781337451,370690560,20.080230712890625,-7.0752458572387695,8.410752296447754
1781337451,418690560,20.074981689453125,-7.076660633087158,8.418803215026855
1781337451,470695936,20.070072174072266,-7.079709529876709,8.42588996887207
1781337451,518695936,20.066001892089844,-7.083712100982666,8.431105613708496
1781337451,570703104,20.059228897094727,-7.089522361755371,8.438399314880371
1781337451,619703104,20.05367660522461,-7.095891952514648,8.444127082824707
1781337451,670710272,20.048803329467773,-7.104036331176758,8.449189186096191
1781337451,719710272,20.044649124145508,-7.1123433113098145,8.45313835144043
1781337451,770717440,20.039770126342773,-7.121864318847656,8.456611633300781
1781337451,819717440,20.03587532043457,-7.131386756896973,8.458719253540039
1781337451,870724096,20.03281593322754,-7.142651081085205,8.459599494934082
1781337451,919724096,20.03070831298828,-7.153118133544922,8.45932674407959
1781337451,970731520,20.029775619506836,-7.165406703948975,8.459800720214844
1781337452,19731520,20.02994155883789,-7.1765923500061035,8.459802627563477
1781337452,70739200,20.03145408630371,-7.189118385314941,8.458800315856934
1781337452,118739200,20.033830642700195,-7.200249671936035,8.457849502563477
1781337452,170745088,20.03695297241211,-7.212827682495117,8.45578384399414
1781337452,219745088,20.040639877319336,-7.223838806152344,8.453741073608398
1781337452,270752512,20.046016693115234,-7.235530853271484,8.451888084411621
1781337452,319752512,20.051639556884766,-7.245766639709473,8.450468063354492
1781337452,370759936,20.057828903198242,-7.255594730377197,8.445916175842285
1781337452,418759936,20.063798904418945,-7.264081954956055,8.441854476928711
1781337452,470766080,20.071163177490234,-7.273204803466797,8.438037872314453
1781337452,519766080,20.078073501586914,-7.281043529510498,8.434383392333984
1781337452,570773760,20.087732315063477,-7.289155960083008,8.433222770690918
1781337452,618773760,20.096681594848633,-7.296254634857178,8.431840896606445
1781337452,670781440,20.106340408325195,-7.303800582885742,8.430168151855469
1781337452,719781440,20.11532211303711,-7.310595989227295,8.42861557006836
1781337452,770788864,20.123287200927734,-7.3151021003723145,8.436728477478027
1781337452,819788864,20.130393981933594,-7.31868839263916,8.443562507629395
1781337452,870796800,20.13960838317871,-7.323436260223389,8.448453903198242
1781337452,921796800,20.148134231567383,-7.327203273773193,8.452468872070312
1781337452,970805248,20.15740966796875,-7.331810474395752,8.460379600524902
1781337453,21805248,20.166767120361328,-7.335817337036133,8.466981887817383
1781337453,70813184,20.17618751525879,-7.3394012451171875,8.47273063659668
1781337453,121813184,20.185420989990234,-7.342350006103516,8.477396011352539
1781337453,170820864,20.1939640045166,-7.343883991241455,8.481032371520996
1781337453,221820864,20.20053482055664,-7.343576908111572,8.484413146972656
1781337453,270828800,20.207019805908203,-7.342639923095703,8.487854957580566
1781337453,321828800,20.213987350463867,-7.340743541717529,8.490598678588867
1781337453,370836736,20.222352981567383,-7.33767557144165,8.489930152893066
1781337453,421836736,20.23166275024414,-7.333590507507324,8.48941707611084
1781337453,470843904,20.242752075195312,-7.328841686248779,8.489990234375
1781337453,521843904,20.256484985351562,-7.323195934295654,8.49051570892334
1781337453,570851840,20.272600173950195,-7.31262731552124,8.486458778381348
1781337453,621851840,20.292497634887695,-7.301907539367676,8.482775688171387
1781337453,670859776,20.31681251525879,-7.291077613830566,8.479523658752441
1781337453,721859776,20.345388412475586,-7.280303001403809,8.476827621459961
1781337453,770867968,20.384048461914062,-7.2679924964904785,8.465617179870605
1781337453,821867968,20.427366256713867,-7.256065368652344,8.456254005432129
1781337453,870875904,20.47435188293457,-7.244907855987549,8.449156761169434
1781337453,921875904,20.524980545043945,-7.234294414520264,8.443397521972656
1781337453,970883072,20.580413818359375,-7.22402286529541,8.439410209655762
1781337454,21883072,20.638092041015625,-7.21502161026001,8.43620491027832
1781337454,70890496,20.69870948791504,-7.207021236419678,8.436063766479492
1781337454,121890496,20.760831832885742,-7.199993133544922,8.43610668182373
1781337454,170895616,20.82478141784668,-7.1935553550720215,8.440726280212402
1781337454,221895616,20.888446807861328,-7.187015533447266,8.444708824157715
1781337454,270903808,20.952730178833008,-7.1816840171813965,8.451602935791016
1781337454,321903808,21.01998519897461,-7.177290916442871,8.457832336425781
1781337454,370912256,21.08601188659668,-7.172795295715332,8.469078063964844
1781337454,421912256,21.152639389038086,-7.1694536209106445,8.478796005249023
1781337454,470918400,21.219985961914062,-7.167291164398193,8.491409301757812
1781337454,521918400,21.288484573364258,-7.166230201721191,8.502126693725586
1781337454,570926848,21.35584831237793,-7.1640305519104,8.515131950378418
1781337454,621926848,21.42428970336914,-7.163000583648682,8.525909423828125
1781337454,670934016,21.49240493774414,-7.163058757781982,8.540067672729492
1781337454,721934016,21.5610294342041,-7.164231300354004,8.551556587219238
1781337454,770941952,21.634199142456055,-7.165493488311768,8.562928199768066
1781337454,821941952,21.706809997558594,-7.1677775382995605,8.571590423583984
1781337454,870949632,21.77938461303711,-7.1711273193359375,8.583353042602539
1781337454,921949632,21.85270881652832,-7.175350666046143,8.591958999633789
1781337454,970956800,21.926349639892578,-7.180594444274902,8.594792366027832
1781337455,21956800,21.9993839263916,-7.186623573303223,8.595497131347656
1781337455,70963968,22.072519302368164,-7.19332218170166,8.596261978149414
1781337455,121963968,22.146467208862305,-7.200456619262695,8.595065116882324
1781337455,170971136,22.22223663330078,-7.208630561828613,8.59150505065918
1781337455,221971136,22.298730850219727,-7.217508316040039,8.58604907989502
1781337455,270977792,22.375741958618164,-7.226739406585693,8.581938743591309
1781337455,321977792,22.451757431030273,-7.235799789428711,8.577347755432129
1781337455,370985472,22.530214309692383,-7.24273157119751,8.570216178894043
1781337455,421985472,22.60929298400879,-7.250020503997803,8.56300163269043
1781337455,470991360,22.687341690063477,-7.25734806060791,8.559802055358887
1781337455,521991360,22.765623092651367,-7.264907360076904,8.556035995483398
1781337455,570996736,22.84233856201172,-7.271023750305176,8.555754661560059
1781337455,621996736,22.920045852661133,-7.27777099609375,8.554278373718262
1781337455,671004160,22.996456146240234,-7.285026550292969,8.558382034301758
1781337455,722004160,23.072986602783203,-7.293039321899414,8.560728073120117
1781337455,771011840,23.14695930480957,-7.302873611450195,8.56425952911377
1781337455,822011840,23.22126007080078,-7.313453674316406,8.566102981567383
1781337455,871018496,23.294387817382812,-7.324461936950684,8.570650100708008
1781337455,922018496,23.368078231811523,-7.336169242858887,8.573551177978516
1781337455,971025664,23.4403076171875,-7.348821640014648,8.573567390441895
1781337456,22025664,23.512502670288086,-7.361884117126465,8.572519302368164
1781337456,71033088,23.585458755493164,-7.375480651855469,8.571416854858398
1781337456,122033088,23.65772247314453,-7.389030933380127,8.569268226623535
1781337456,171038464,23.730297088623047,-7.402420520782471,8.568137168884277
1781337456,222038464,23.804601669311523,-7.415615081787109,8.563945770263672
1781337456,271045632,23.878408432006836,-7.428344249725342,8.562200546264648
1781337456,322045632,23.95313262939453,-7.440647125244141,8.559795379638672
1781337456,371053056,24.029033660888672,-7.4504313468933105,8.555254936218262
1781337456,422053056,24.105270385742188,-7.459552764892578,8.550583839416504
1781337456,471058432,24.180192947387695,-7.467862129211426,8.548941612243652
1781337456,522058432,24.25410270690918,-7.4753546714782715,8.546920776367188
1781337456,571063808,24.324954986572266,-7.4810333251953125,8.550171852111816
1781337456,622063808,24.39495849609375,-7.4857707023620605,8.552225112915039
1781337456,671071232,24.462438583374023,-7.489599704742432,8.55631160736084
1781337456,722071232,24.528526306152344,-7.492653846740723,8.558939933776855
1781337456,771078656,24.58942985534668,-7.4928297996521,8.564496994018555
1781337456,822078656,24.64815330505371,-7.492264747619629,8.568364143371582
1781337456,871086080,24.704504013061523,-7.491047382354736,8.571805000305176
1781337456,922086080,24.75885009765625,-7.489060878753662,8.573922157287598
1781337456,971093248,24.81374740600586,-7.486317157745361,8.57601261138916
1781337457,22093248,24.865081787109375,-7.483013153076172,8.577132225036621
1781337457,71098880,24.91324806213379,-7.479348659515381,8.577794075012207
1781337457,122098880,24.958545684814453,-7.475335597991943,8.577582359313965
1781337457,171105024,25.00269317626953,-7.472443580627441,8.578169822692871
1781337457,222105024,25.04383087158203,-7.469712257385254,8.577801704406738
1781337457,271110400,25.082185745239258,-7.466213226318359,8.576966285705566
1781337457,322110400,25.11721420288086,-7.461688041687012,8.574983596801758
1781337457,371116544,25.150314331054688,-7.454665660858154,8.574188232421875
1781337457,422116544,25.17988395690918,-7.446083068847656,8.57268238067627
1781337457,471122688,25.20631980895996,-7.435264587402344,8.571468353271484
1781337457,522122688,25.229671478271484,-7.4215216636657715,8.569496154785156
1781337457,571129856,25.250343322753906,-7.4043145179748535,8.567964553833008
1781337457,622129856,25.26767921447754,-7.383299350738525,8.565937995910645
1781337457,671137280,25.28189468383789,-7.358158588409424,8.564356803894043
1781337457,722137280,25.29310417175293,-7.328205585479736,8.562299728393555
1781337457,771145216,25.30179786682129,-7.291687488555908,8.56246280670166
1781337457,822145216,25.308059692382812,-7.250451564788818,8.561945915222168
1781337457,871152896,25.311906814575195,-7.2055439949035645,8.560943603515625
1781337457,922152896,25.313583374023438,-7.1569929122924805,8.559210777282715
1781337457,971160064,25.318143844604492,-7.103213310241699,8.557273864746094
1781337458,22160064,25.320512771606445,-7.046698570251465,8.55499267578125
1781337458,71167744,25.320932388305664,-6.988530158996582,8.552117347717285
1781337458,122167744,25.319398880004883,-6.928527355194092,8.549154281616211
1781337458,171175424,25.31560516357422,-6.866879463195801,8.546411514282227
1781337458,222175424,25.30893898010254,-6.80573844909668,8.544934272766113
1781337458,271183104,25.300573348999023,-6.743558406829834,8.542534828186035
1781337458,322183104,25.29056739807129,-6.680790901184082,8.539933204650879
1781337458,371190784,25.280920028686523,-6.6142802238464355,8.536625862121582
1781337458,422190784,25.26970100402832,-6.547499179840088,8.533366203308105
1781337458,471197184,25.257150650024414,-6.481187343597412,8.52901840209961
1781337458,522197184,25.243255615234375,-6.414797306060791,8.524849891662598
1781337458,571205376,25.223466873168945,-6.347962856292725,8.520968437194824
1781337458,622205376,25.202938079833984,-6.282007217407227,8.517149925231934
1781337458,671213056,25.181663513183594,-6.216218948364258,8.512755393981934
1781337458,722213056,25.15959358215332,-6.1505842208862305,8.508703231811523
1781337458,771220992,25.138254165649414,-6.082371234893799,8.503800392150879
1781337458,822220992,25.11590003967285,-6.014354705810547,8.499017715454102
1781337458,871225344,25.092777252197266,-5.947052001953125,8.493437767028809
1781337458,922225344,25.068613052368164,-5.87978982925415,8.488039016723633
1781337458,971233024,25.040830612182617,-5.814184665679932,8.47917652130127
1781337459,22233024,25.011884689331055,-5.747785568237305,8.470873832702637
1781337459,71239424,24.982175827026367,-5.682008743286133,8.4613618850708
1781337459,122239424,24.951107025146484,-5.615555286407471,8.452744483947754
1781337459,171245056,24.918434143066406,-5.550548076629639,8.443358421325684
1781337459,222245056,24.882400512695312,-5.487840175628662,8.43277359008789
1781337459,271252480,24.845041275024414,-5.42449951171875,8.42257308959961
1781337459,322252480,24.807069778442383,-5.361905097961426,8.414143562316895
1781337459,371257088,24.772939682006836,-5.299412250518799,8.403404235839844
1781337459,422257088,24.7376766204834,-5.237919807434082,8.394962310791016
1781337459,471264512,24.700593948364258,-5.176183700561523,8.388647079467773
1781337459,522264512,24.66252899169922,-5.115431308746338,8.384090423583984
1781337459,571268864,24.622072219848633,-5.053948402404785,8.382149696350098
1781337459,622268864,24.580440521240234,-4.992934703826904,8.381474494934082
1781337459,671273216,24.537208557128906,-4.931809902191162,8.381342887878418
1781337459,722273216,24.493183135986328,-4.871731281280518,8.382136344909668
1781337459,771277824,24.4481143951416,-4.81301212310791,8.384960174560547
1781337459,822277824,24.401456832885742,-4.753941535949707,8.388439178466797
1781337459,871282432,24.354127883911133,-4.695711135864258,8.392386436462402
1781337459,922282432,24.305238723754883,-4.637090682983398,8.396769523620605
1781337459,971286528,24.25494956970215,-4.579805850982666,8.400712013244629
1781337460,22286528,24.20376205444336,-4.522734642028809,8.404937744140625
1781337460,71291392,24.151168823242188,-4.465389728546143,8.410062789916992
1781337460,122291392,24.098276138305664,-4.408955097198486,8.41507625579834
1781337460,171295744,24.044477462768555,-4.352392196655273,8.418760299682617
1781337460,222295744,23.991497039794922,-4.297126770019531,8.42138671875
1781337460,271303680,23.93750762939453,-4.242193698883057,8.423197746276855
1781337460,322303680,23.88210678100586,-4.187014579772949,8.42524242401123
1781337460,371308032,23.827848434448242,-4.130105972290039,8.425660133361816
1781337460,422308032,23.77264976501465,-4.073657512664795,8.426277160644531
1781337460,471314944,23.715944290161133,-4.017101287841797,8.42661190032959
1781337460,522314944,23.658458709716797,-3.960951089859009,8.427202224731445
1781337460,571320576,23.60096549987793,-3.9048712253570557,8.42524242401123
1781337460,622320576,23.542503356933594,-3.849335193634033,8.42379379272461
1781337460,671329024,23.48310089111328,-3.794332265853882,8.422752380371094
1781337460,722329024,23.42226791381836,-3.7394096851348877,8.422038078308105
1781337460,771333632,23.35923194885254,-3.6833608150482178,8.424857139587402
1781337460,822333632,23.29502296447754,-3.6274635791778564,8.427459716796875
1781337460,871342080,23.231178283691406,-3.572596311569214,8.429398536682129
1781337460,922342080,23.167129516601562,-3.5183703899383545,8.430815696716309
1781337460,971347200,23.111268997192383,-3.4643666744232178,8.43311595916748
1781337461,22347200,23.05531120300293,-3.411451578140259,8.434783935546875
1781337461,71351552,22.9990291595459,-3.3591115474700928,8.435443878173828
1781337461,122351552,22.94206428527832,-3.306915044784546,8.435816764831543
1781337461,171357952,22.886545181274414,-3.2561707496643066,8.439693450927734
1781337461,222357952,22.83067512512207,-3.2059035301208496,8.443961143493652
1781337461,271366400,22.77597427368164,-3.1577305793762207,8.447619438171387
1781337461,322366400,22.720458984375,-3.1102988719940186,8.450726509094238
1781337461,371370752,22.662038803100586,-3.062269449234009,8.454239845275879
1781337461,422370752,22.603429794311523,-3.016035795211792,8.456986427307129
1781337461,471377408,22.544889450073242,-2.972093343734741,8.458447456359863
1781337461,522377408,22.485139846801758,-2.929852247238159,8.45944595336914
1781337461,571385344,22.425453186035156,-2.8882973194122314,8.463825225830078
1781337461,622385344,22.364158630371094,-2.8488712310791016,8.467482566833496
1781337461,671389952,22.302387237548828,-2.8123769760131836,8.469862937927246
1781337461,722389952,22.239337921142578,-2.778409242630005,8.471692085266113
1781337461,771395328,22.168899536132812,-2.7439751625061035,8.472700119018555
1781337461,822395328,22.098176956176758,-2.7127068042755127,8.473620414733887
1781337461,871403264,22.026472091674805,-2.684143304824829,8.473684310913086
1781337461,922403264,21.953046798706055,-2.65787935256958,8.473648071289062
1781337461,971408128,21.876110076904297,-2.6332263946533203,8.474015235900879
1781337462,22408128,21.797639846801758,-2.6109132766723633,8.474318504333496
1781337462,71412736,21.71895408630371,-2.5912442207336426,8.474238395690918
1781337462,122412736,21.639415740966797,-2.5739645957946777,8.473971366882324
1781337462,171417344,21.558164596557617,-2.5585215091705322,8.474807739257812
1781337462,222417344,21.476381301879883,-2.5446059703826904,8.477184295654297
1781337462,271424256,21.393760681152344,-2.5328240394592285,8.478415489196777
1781337462,322424256,21.30966567993164,-2.52306866645813,8.479310035705566
1781337462,371429120,21.223812103271484,-2.5176095962524414,8.478723526000977
1781337462,422429120,21.137643814086914,-2.51391863822937,8.478015899658203
1781337462,471434240,21.05051040649414,-2.5118491649627686,8.477767944335938
1781337462,522434240,20.964035034179688,-2.5113072395324707,8.477361679077148
1781337462,571441408,20.87888526916504,-2.513429641723633,8.47577953338623
1781337462,622441408,20.794553756713867,-2.5166876316070557,8.47426700592041
1781337462,671448064,20.71025848388672,-2.5210134983062744,8.471946716308594
1781337462,722448064,20.626216888427734,-2.5264170169830322,8.469635963439941
1781337462,771452672,20.538936614990234,-2.5346717834472656,8.47062873840332
1781337462,822452672,20.452192306518555,-2.5436031818389893,8.47117805480957
1781337462,871460864,20.366941452026367,-2.553345203399658,8.472151756286621
1781337462,922460864,20.28230094909668,-2.56400465965271,8.472887992858887
1781337462,971468032,20.1981143951416,-2.5762946605682373,8.478479385375977
1781337463,22468032,20.115421295166016,-2.58921480178833,8.48313045501709
1781337463,71473408,20.033384323120117,-2.602940320968628,8.487021446228027
1781337463,122473408,19.95107650756836,-2.61776065826416,8.490046501159668
1781337463,171480576,19.870119094848633,-2.6337616443634033,8.492652893066406
1781337463,222480576,19.788793563842773,-2.651625633239746,8.496694564819336
1781337463,271487232,19.708751678466797,-2.6699507236480713,8.500391006469727
1781337463,322487232,19.628477096557617,-2.6890594959259033,8.503453254699707
1781337463,371494400,19.546228408813477,-2.7092456817626953,8.5098237991333
1781337463,422494400,19.465030670166016,-2.729865074157715,8.515459060668945
1781337463,471499264,19.384185791015625,-2.7512025833129883,8.520827293395996
1781337463,522499264,19.30520248413086,-2.772808790206909,8.525431632995605
1781337463,571505664,19.226646423339844,-2.795650005340576,8.531131744384766
1781337463,622505664,19.148853302001953,-2.819110631942749,8.535842895507812
1781337463,671512064,19.073284149169922,-2.8428382873535156,8.539462089538574
1781337463,722512064,18.999103546142578,-2.8671047687530518,8.542092323303223
1781337463,771518720,18.926355361938477,-2.894423246383667,8.543706893920898
1781337463,822518720,18.854494094848633,-2.9224467277526855,8.544393539428711
1781337463,871525376,18.78468132019043,-2.9507384300231934,8.544586181640625
1781337463,922525376,18.715438842773438,-2.9799132347106934,8.544214248657227
1781337463,971530240,18.649250030517578,-3.0091521739959717,8.542577743530273
1781337464,22530240,18.584091186523438,-3.0389480590820312,8.540620803833008
1781337464,71536896,18.519268035888672,-3.069532632827759,8.53892993927002
1781337464,122536896,18.456029891967773,-3.1003544330596924,8.53687858581543
1781337464,171544064,18.3931884765625,-3.131354331970215,8.535061836242676
1781337464,222544064,18.33209800720215,-3.1608078479766846,8.531485557556152
1781337464,271550720,18.271936416625977,-3.190593719482422,8.529764175415039
1781337464,322550720,18.2119083404541,-3.220963954925537,8.52806282043457
1781337464,371555328,18.15292739868164,-3.248692750930786,8.523362159729004
1781337464,422555328,18.094783782958984,-3.277097225189209,8.519270896911621
1781337464,471560192,18.037193298339844,-3.3061773777008057,8.51831340789795
1781337464,522560192,17.98058319091797,-3.3357133865356445,8.516992568969727
1781337464,571566848,17.923736572265625,-3.362013101577759,8.51867961883545
1781337464,622566848,17.866682052612305,-3.390421152114868,8.519765853881836
1781337464,671574272,17.810882568359375,-3.4199957847595215,8.522899627685547
1781337464,722574272,17.755268096923828,-3.451402187347412,8.525097846984863
1781337464,771580928,17.700773239135742,-3.4811434745788574,8.526971817016602
1781337464,822580928,17.646276473999023,-3.51330828666687,8.527783393859863
1781337464,871588096,17.593135833740234,-3.5468502044677734,8.529669761657715
1781337464,922588096,17.53911018371582,-3.5832343101501465,8.530771255493164
1781337464,971595008,17.48967742919922,-3.62343692779541,8.52978801727295
1781337465,22595008,17.439565658569336,-3.6657371520996094,8.528298377990723
1781337465,71601920,17.389238357543945,-3.709658145904541,8.528124809265137
1781337465,122601920,17.33935546875,-3.7546944618225098,8.527316093444824
1781337465,171610368,17.289682388305664,-3.7994985580444336,8.52830982208252
1781337465,222610368,17.24002456665039,-3.845022439956665,8.528804779052734
1781337465,271617280,17.18985366821289,-3.892287492752075,8.530278205871582
1781337465,322617280,17.140207290649414,-3.9403398036956787,8.531092643737793
1781337465,371624960,17.088930130004883,-3.99067759513855,8.532086372375488
1781337465,422624960,17.038331985473633,-4.041281223297119,8.532266616821289
1781337465,471629824,16.98762321472168,-4.09250545501709,8.534993171691895
1781337465,522629824,16.9361629486084,-4.144820690155029,8.53705883026123
1781337465,571636736,16.883378982543945,-4.196842670440674,8.540733337402344
1781337465,622636736,16.82990074157715,-4.2500104904174805,8.543946266174316
1781337465,671643392,16.77667236328125,-4.3032307624816895,8.551953315734863
1781337465,722643392,16.7228946685791,-4.357383728027344,8.558969497680664
1781337465,771649792,16.66851043701172,-4.414098739624023,8.573030471801758
1781337465,822649792,16.613929748535156,-4.471119403839111,8.585198402404785
1781337465,871656192,16.559406280517578,-4.528515338897705,8.602726936340332
1781337465,922656192,16.504350662231445,-4.586736679077148,8.616921424865723
1781337465,971662592,16.447431564331055,-4.647392749786377,8.635143280029297
1781337466,22662592,16.3913516998291,-4.707741737365723,8.64949893951416
1781337466,71668992,16.335742950439453,-4.768505573272705,8.665995597839355
1781337466,122668992,16.280031204223633,-4.8303093910217285,8.67835807800293
1781337466,171676160,16.22525405883789,-4.8914794921875,8.691707611083984
1781337466,222676160,16.170879364013672,-4.951892375946045,8.701205253601074
1781337466,271683328,16.117223739624023,-5.013000011444092,8.71161937713623
1781337466,322683328,16.06397247314453,-5.075451374053955,8.718282699584961
1781337466,371691008,16.01007080078125,-5.141411304473877,8.724553108215332
1781337466,422691008,15.957047462463379,-5.2079877853393555,8.727174758911133
1781337466,471695616,15.905906677246094,-5.274199962615967,8.731674194335938
1781337466,522695616,15.856217384338379,-5.340790271759033,8.733160972595215
1781337466,571702272,15.807208061218262,-5.407725811004639,8.735651969909668
1781337466,622702272,15.760387420654297,-5.4745192527771,8.73546314239502
1781337466,671708928,15.71501636505127,-5.542200088500977,8.739479064941406
1781337466,722708928,15.672079086303711,-5.609306335449219,8.740148544311523
1781337466,771715328,15.634811401367188,-5.675736904144287,8.738676071166992
1781337466,822715328,15.599468231201172,-5.74250602722168,8.734643936157227
1781337466,871721984,15.565325736999512,-5.810454845428467,8.731164932250977
1781337466,922721984,15.533799171447754,-5.8780388832092285,8.72568130493164
1781337466,971726592,15.508804321289062,-5.947433948516846,8.717729568481445
1781337467,22726592,15.486330032348633,-6.016005516052246,8.707014083862305
1781337467,71732992,15.465452194213867,-6.086073398590088,8.696287155151367
1781337467,122732992,15.446274757385254,-6.156229496002197,8.68482780456543
1781337467,171740160,15.429608345031738,-6.228784084320068,8.680575370788574
1781337467,222740160,15.414972305297852,-6.302055358886719,8.674145698547363
1781337467,271747328,15.401694297790527,-6.376311779022217,8.676216125488281
1781337467,322747328,15.389593124389648,-6.451370716094971,8.67538070678711
1781337467,371755008,15.37612247467041,-6.526959419250488,8.687487602233887
1781337467,422755008,15.364126205444336,-6.601839065551758,8.695792198181152
1781337467,471759872,15.35399341583252,-6.677530765533447,8.704992294311523
1781337467,522759872,15.34599781036377,-6.752776622772217,8.709978103637695
1781337467,571767552,15.338205337524414,-6.830661296844482,8.709938049316406
1781337467,622767552,15.331624031066895,-6.909175872802734,8.707978248596191
1781337467,671774464,15.327856063842773,-6.98668909072876,8.703737258911133
1781337467,722774464,15.326375961303711,-7.064047813415527,8.696853637695312
1781337467,771781632,15.32679271697998,-7.141826152801514,8.687286376953125
1781337467,822781632,15.328990936279297,-7.219040393829346,8.6762113571167
1781337467,871788800,15.332839012145996,-7.296696662902832,8.667119979858398
1781337467,922788800,15.33718490600586,-7.373884677886963,8.658634185791016
1781337467,971796736,15.343791961669922,-7.451372146606445,8.652337074279785
1781337468,22796736,15.35100269317627,-7.528480052947998,8.646076202392578
1781337468,71803904,15.358448028564453,-7.606095790863037,8.641439437866211
1781337468,122803904,15.36563491821289,-7.684418678283691,8.636229515075684
1781337468,171811840,15.372993469238281,-7.763875961303711,8.637229919433594
1781337468,222811840,15.380465507507324,-7.842501640319824,8.6365385055542
1781337468,271819008,15.388418197631836,-7.922382831573486,8.64581298828125
1781337468,322819008,15.396997451782227,-8.00201416015625,8.652905464172363
1781337468,371826432,15.408133506774902,-8.080397605895996,8.656183242797852
1781337468,422826432,15.419975280761719,-8.159260749816895,8.657039642333984
1781337468,471832576,15.43252182006836,-8.237285614013672,8.656003952026367
1781337468,522832576,15.445281982421875,-8.31511116027832,8.654831886291504
1781337468,571840000,15.456995964050293,-8.394960403442383,8.65246295928955
1781337468,622840000,15.469853401184082,-8.473726272583008,8.649445533752441
1781337468,671846912,15.4834566116333,-8.55240535736084,8.64864444732666
1781337468,722846912,15.497224807739258,-8.631396293640137,8.646069526672363
1781337468,771854080,15.509536743164062,-8.7099609375,8.644518852233887
1781337468,822854080,15.522261619567871,-8.78927230834961,8.641372680664062
1781337468,871861248,15.535313606262207,-8.867744445800781,8.63877010345459
1781337468,923861248,15.549320220947266,-8.95070743560791,8.634468078613281
1781337468,971868416,15.559439659118652,-9.023428916931152,8.628528594970703
1781337469,22868416,15.571194648742676,-9.100635528564453,8.620845794677734
1781337469,71875584,15.583556175231934,-9.177041053771973,8.612299919128418
1781337469,122875584,15.596742630004883,-9.253564834594727,8.603333473205566
1781337469,171883264,15.610674858093262,-9.329571723937988,8.593900680541992
1781337469,222883264,15.62518310546875,-9.40506649017334,8.583342552185059
1781337469,271889920,15.640856742858887,-9.479887962341309,8.573016166687012
1781337469,322889920,15.658161163330078,-9.555212020874023,8.562640190124512
1781337469,371897344,15.679170608520508,-9.630327224731445,8.551789283752441
1781337469,422897344,15.701416015625,-9.705495834350586,8.541633605957031
1781337469,471904768,15.725231170654297,-9.781189918518066,8.533292770385742
1781337469,522904768,15.750256538391113,-9.855637550354004,8.525374412536621
1781337469,571911936,15.777191162109375,-9.92912483215332,8.52043342590332
1781337469,622911936,15.805562019348145,-10.001742362976074,8.515548706054688
1781337469,671918592,15.835067749023438,-10.074179649353027,8.513862609863281
1781337469,722918592,15.865999221801758,-10.146268844604492,8.51191234588623
1781337469,771926272,15.897367477416992,-10.218709945678711,8.513320922851562
1781337469,822926272,15.929943084716797,-10.290051460266113,8.514226913452148
1781337469,871933440,15.964548110961914,-10.361574172973633,8.518596649169922
1781337469,922933440,16.000394821166992,-10.431699752807617,8.521878242492676
1781337469,971940864,16.041805267333984,-10.500646591186523,8.527588844299316
1781337470,22940864,16.084787368774414,-10.569696426391602,8.532145500183105
1781337470,71947776,16.128704071044922,-10.637317657470703,8.539491653442383
1781337470,122947776,16.174264907836914,-10.704928398132324,8.545120239257812
1781337470,171954432,16.22164535522461,-10.77040958404541,8.548974990844727
1781337470,222954432,16.270395278930664,-10.834951400756836,8.550415992736816
1781337470,271958016,16.320022583007812,-10.8987398147583,8.5535306930542
1781337470,322958016,16.370868682861328,-10.962401390075684,8.55539608001709
1781337470,371961600,16.42049789428711,-11.026479721069336,8.555086135864258
1781337470,422961600,16.471324920654297,-11.090139389038086,8.553995132446289
1781337470,471968512,16.522075653076172,-11.152277946472168,8.553669929504395
1781337470,522968512,16.574018478393555,-11.214001655578613,8.552374839782715
1781337470,571975168,16.625835418701172,-11.275777816772461,8.55299186706543
1781337470,622975168,16.67853355407715,-11.336404800415039,8.552289962768555
1781337470,671981824,16.732648849487305,-11.396196365356445,8.552947044372559
1781337470,722981824,16.787166595458984,-11.453859329223633,8.552183151245117
1781337470,771989248,16.842552185058594,-11.507506370544434,8.54702091217041
1781337470,822989248,16.89887237548828,-11.558792114257812,8.541573524475098
1781337470,871997184,16.956457138061523,-11.60844612121582,8.534418106079102
1781337470,922997184,17.015356063842773,-11.6560697555542,8.52791690826416
1781337470,972005376,17.0810546875,-11.699896812438965,8.518841743469238
1781337471,23005376,17.146841049194336,-11.740921974182129,8.510513305664062
1781337471,72013056,17.2142391204834,-11.779960632324219,8.501448631286621
1781337471,123013056,17.281982421875,-11.81608772277832,8.493169784545898
1781337471,172021248,17.349594116210938,-11.849214553833008,8.483892440795898
1781337471,223021248,17.41501808166504,-11.878872871398926,8.475859642028809
1781337471,272029440,17.48233985900879,-11.906908988952637,8.465293884277344
1781337471,323029440,17.55105972290039,-11.933050155639648,8.456036567687988
1781337471,372037120,17.623971939086914,-11.95743465423584,8.441612243652344
1781337471,423037120,17.697813034057617,-11.980332374572754,8.429007530212402
1781337471,472044032,17.773252487182617,-12.002169609069824,8.41466999053955
1781337471,523044032,17.848817825317383,-12.02279281616211,8.40266227722168
1781337471,572051712,17.93065071105957,-12.040814399719238,8.387784004211426
1781337471,623051712,18.011917114257812,-12.057882308959961,8.375716209411621
1781337471,672059392,18.09356117248535,-12.074247360229492,8.361163139343262
1781337471,723059392,18.1761474609375,-12.090240478515625,8.349640846252441
1781337471,772067072,18.256732940673828,-12.106424331665039,8.338740348815918
1781337471,823067072,18.336977005004883,-12.122352600097656,8.330594062805176
1781337471,872074752,18.417564392089844,-12.138264656066895,8.320571899414062
1781337471,923074752,18.496074676513672,-12.153651237487793,8.313295364379883
1781337471,972082432,18.574182510375977,-12.169936180114746,8.305841445922852
1781337472,23082432,18.651487350463867,-12.186217308044434,8.30106258392334
1781337472,72089344,18.727054595947266,-12.2024507522583,8.294330596923828
1781337472,123089344,18.802690505981445,-12.218809127807617,8.290075302124023
1781337472,172096000,18.87726593017578,-12.23530101776123,8.284011840820312
1781337472,223096000,18.95221519470215,-12.252707481384277,8.279441833496094
1781337472,272104448,19.02721405029297,-12.270177841186523,8.272289276123047
1781337472,323104448,19.100900650024414,-12.287424087524414,8.267584800720215
1781337472,372108544,19.177053451538086,-12.305874824523926,8.25999641418457
1781337472,423108544,19.25148582458496,-12.323984146118164,8.255230903625488
1781337472,472112384,19.324888229370117,-12.34196949005127,8.24855899810791
1781337472,523112384,19.3979549407959,-12.359899520874023,8.244708061218262
1781337472,572120320,19.471925735473633,-12.37826156616211,8.237589836120605
1781337472,623120320,19.544708251953125,-12.396432876586914,8.23348331451416
1781337472,672128256,19.61675262451172,-12.414557456970215,8.228620529174805
1781337472,723128256,19.686872482299805,-12.432337760925293,8.226714134216309
1781337472,772134656,19.760242462158203,-12.448366165161133,8.224631309509277
1781337472,823134656,19.83167266845703,-12.464153289794922,8.224956512451172
1781337472,872138496,19.901918411254883,-12.479890823364258,8.224754333496094
1781337472,923138496,19.97189712524414,-12.495718002319336,8.22693157196045
1781337472,972145408,20.041013717651367,-12.508271217346191,8.229133605957031
1781337473,23145408,20.110151290893555,-12.520913124084473,8.233284950256348
1781337473,72153344,20.178213119506836,-12.533148765563965,8.235703468322754
1781337473,123153344,20.245813369750977,-12.545064926147461,8.239819526672363
1781337473,172159744,20.31307601928711,-12.556550979614258,8.243294715881348
1781337473,223159744,20.377593994140625,-12.566903114318848,8.250349044799805
1781337473,272166144,20.44248390197754,-12.576632499694824,8.25429916381836
1781337473,323166144,20.50761604309082,-12.58565902709961,8.260126113891602
1781337473,372170240,20.575359344482422,-12.592741012573242,8.265578269958496
1781337473,423170240,20.642629623413086,-12.599047660827637,8.272224426269531
1781337473,472176896,20.71086883544922,-12.604549407958984,8.277541160583496
1781337473,523176896,20.77869415283203,-12.608789443969727,8.283651351928711
1781337473,572183296,20.849580764770508,-12.610735893249512,8.289024353027344
1781337473,623183296,20.919797897338867,-12.611495018005371,8.295218467712402
1781337473,672188160,20.990453720092773,-12.611205101013184,8.30099868774414
1781337473,723188160,21.059371948242188,-12.609540939331055,8.307319641113281
1781337473,772192256,21.13067054748535,-12.60311222076416,8.31446647644043
1781337473,823192256,21.20229148864746,-12.595376014709473,8.321763038635254
1781337473,872196352,21.273239135742188,-12.586483001708984,8.328514099121094
1781337473,923196352,21.342769622802734,-12.576481819152832,8.33537483215332
1781337473,972201216,21.411823272705078,-12.56564712524414,8.340409278869629
1781337474,23201216,21.479970932006836,-12.553682327270508,8.345659255981445
1781337474,72206080,21.547956466674805,-12.540547370910645,8.348592758178711
1781337474,123206080,21.615150451660156,-12.526406288146973,8.351876258850098
1781337474,172213248,21.68035125732422,-12.51046371459961,8.35275650024414
1781337474,223213248,21.743934631347656,-12.491084098815918,8.356024742126465
1781337474,272220416,21.80656623840332,-12.471210479736328,8.357878684997559
1781337474,323220416,21.86878204345703,-12.450724601745605,8.360376358032227
1781337474,372225024,21.930208206176758,-12.430614471435547,8.364056587219238
1781337474,423225024,21.991994857788086,-12.409880638122559,8.368547439575195
1781337474,472229632,22.053165435791016,-12.388713836669922,8.372777938842773
1781337474,523229632,22.11496925354004,-12.366822242736816,8.37720012664795
1781337474,572235776,22.176511764526367,-12.344829559326172,8.38014030456543
1781337474,623235776,22.238357543945312,-12.322208404541016,8.383654594421387
1781337474,672240640,22.301204681396484,-12.298574447631836,8.385099411010742
1781337474,723240640,22.363784790039062,-12.274528503417969,8.386853218078613
1781337474,772246016,22.428600311279297,-12.246170997619629,8.382845878601074
1781337474,823246016,22.49319076538086,-12.217679977416992,8.379437446594238
1781337474,872250880,22.557964324951172,-12.188806533813477,8.3726806640625
1781337474,923250880,22.62367820739746,-12.159286499023438,8.367226600646973
1781337474,972256256,22.6859188079834,-12.13109016418457,8.361595153808594
1781337475,23256256,22.74871253967285,-12.102155685424805,8.35715103149414
1781337475,72261120,22.81266212463379,-12.072275161743164,8.350616455078125
1781337475,123261120,22.87643814086914,-12.042051315307617,8.345415115356445
1781337475,172268288,22.942581176757812,-12.010643005371094,8.338716506958008
1781337475,223268288,23.015291213989258,-11.977092742919922,8.333281517028809
1781337475,272272896,23.086872100830078,-11.942602157592773,8.325285911560059
1781337475,323272896,23.158552169799805,-11.906538009643555,8.320082664489746
1781337475,372278784,23.23138427734375,-11.868486404418945,8.31209659576416
1781337475,423278784,23.304025650024414,-11.828096389770508,8.30682373046875
1781337475,472283136,23.375059127807617,-11.786187171936035,8.300347328186035
1781337475,523283136,23.444700241088867,-11.742462158203125,8.296653747558594
1781337475,572288256,23.511211395263672,-11.6981840133667,8.292325973510742
1781337475,623288256,23.577117919921875,-11.651396751403809,8.290377616882324
1781337475,672294912,23.641157150268555,-11.603230476379395,8.288093566894531
1781337475,723294912,23.704498291015625,-11.55272388458252,8.287705421447754
1781337475,772300544,23.76493263244629,-11.500526428222656,8.2881441116333
1781337475,823300544,23.824289321899414,-11.44687271118164,8.289974212646484
1781337475,872306944,23.883455276489258,-11.391317367553711,8.289627075195312
1781337475,923306944,23.941015243530273,-11.335034370422363,8.290482521057129
1781337475,972312576,23.996379852294922,-11.276897430419922,8.28768253326416
1781337476,23312576,24.049983978271484,-11.218754768371582,8.286480903625488
1781337476,72319744,24.10470962524414,-11.15766429901123,8.283917427062988
1781337476,123319744,24.15764808654785,-11.096470832824707,8.283135414123535
1781337476,172326400,24.210458755493164,-11.033570289611816,8.279916763305664
1781337476,223326400,24.26265525817871,-10.969629287719727,8.278484344482422
1781337476,272331520,24.314559936523438,-10.904378890991211,8.275225639343262
1781337476,323331520,24.365020751953125,-10.839151382446289,8.273897171020508
1781337476,372336384,24.417333602905273,-10.770110130310059,8.269553184509277
1781337476,423336384,24.468135833740234,-10.701712608337402,8.267167091369629
1781337476,472341504,24.51786231994629,-10.633439064025879,8.263994216918945
1781337476,523341504,24.56684684753418,-10.564586639404297,8.262552261352539
1781337476,572340736,24.61762046813965,-10.496062278747559,8.260724067687988
1781337476,623340736,24.669261932373047,-10.425633430480957,8.261385917663574
1781337476,672346368,24.718124389648438,-10.35696792602539,8.260555267333984
1781337476,723346368,24.764848709106445,-10.288695335388184,8.26184368133545
1781337476,772351744,24.80879783630371,-10.220492362976074,8.266233444213867
1781337476,823351744,24.85047721862793,-10.153210639953613,8.272024154663086
1781337476,872356864,24.890487670898438,-10.085603713989258,8.277250289916992
1781337476,923356864,24.928102493286133,-10.018906593322754,8.283753395080566
1781337476,972362240,24.9658145904541,-9.953534126281738,8.290583610534668
1781337477,23362240,25.001785278320312,-9.887804985046387,8.298582077026367
1781337477,72369152,25.035547256469727,-9.822999000549316,8.305923461914062
1781337477,123369152,25.067646026611328,-9.758011817932129,8.314347267150879
1781337477,172376320,25.097518920898438,-9.693516731262207,8.322526931762695
1781337477,223376320,25.12545394897461,-9.627467155456543,8.330570220947266
1781337477,272382976,25.15167999267578,-9.561491012573242,8.337942123413086
1781337477,323382976,25.176769256591797,-9.495182991027832,8.346051216125488
1781337477,372388864,25.20366096496582,-9.426521301269531,8.353205680847168
1781337477,423388864,25.228668212890625,-9.357880592346191,8.360058784484863
1781337477,472394496,25.252195358276367,-9.288554191589355,8.366915702819824
1781337477,523394496,25.273941040039062,-9.219735145568848,8.373655319213867
1781337477,572400384,25.299339294433594,-9.142889976501465,8.37114429473877
1781337477,623400384,25.322519302368164,-9.067426681518555,8.369549751281738
1781337477,672408064,25.343978881835938,-8.991873741149902,8.368888854980469
1781337477,723408064,25.363428115844727,-8.917497634887695,8.368637084960938
1781337477,772414976,25.37790870666504,-8.83910846710205,8.368415832519531
1781337477,823414976,25.390825271606445,-8.76252555847168,8.368585586547852
1781337477,872421632,25.4024600982666,-8.686968803405762,8.368613243103027
1781337477,923421632,25.4128475189209,-8.61246395111084,8.369115829467773
1781337477,972429056,25.421525955200195,-8.533631324768066,8.366519927978516
1781337478,23429056,25.42876434326172,-8.4569673538208,8.364898681640625
1781337478,272449536,25.448707580566406,-8.094529151916504,8.374799728393555
1781337478,323449536,25.44914436340332,-8.026883125305176,8.37891960144043
1781337478,372456192,25.457307815551758,-7.960772514343262,8.387131690979004
1781337478,423456192,25.463239669799805,-7.897364139556885,8.39474868774414
1781337478,472462336,25.46708869934082,-7.836539268493652,8.401867866516113
1781337478,523462336,25.46919822692871,-7.78004264831543,8.408271789550781
1781337478,572469248,25.467933654785156,-7.724730014801025,8.419106483459473
1781337478,623469248,25.465425491333008,-7.673326015472412,8.428494453430176
1781337478,672476160,25.46196174621582,-7.626755237579346,8.436198234558105
1781337478,723476160,25.4577693939209,-7.58436918258667,8.44265365600586
1781337478,772482304,25.453962326049805,-7.545900344848633,8.450955390930176
1781337478,823482304,25.44933319091797,-7.511871814727783,8.458144187927246
1781337478,872487424,25.443574905395508,-7.481700420379639,8.46448040008545
1781337478,923487424,25.43646812438965,-7.454856872558594,8.4704008102417
1781337478,972494336,25.42169952392578,-7.428149700164795,8.47797679901123
1781337479,23494336,25.405855178833008,-7.4046525955200195,8.48505973815918
1781337479,72499968,25.388633728027344,-7.384348392486572,8.491415023803711
1781337479,123499968,25.369348526000977,-7.366644859313965,8.49716854095459
1781337479,172506880,25.344881057739258,-7.351235389709473,8.503713607788086
1781337479,223506880,25.31702423095703,-7.33844518661499,8.509684562683105
1781337479,272513792,25.285789489746094,-7.327708721160889,8.514187812805176
1781337479,323513792,25.251548767089844,-7.31917142868042,8.517851829528809
1781337479,372519936,25.211009979248047,-7.310446739196777,8.523961067199707
1781337479,423519936,25.16644287109375,-7.303549289703369,8.5288724899292
1781337479,472526848,25.118534088134766,-7.298091411590576,8.532461166381836
1781337479,523526848,25.066850662231445,-7.2937397956848145,8.53475284576416
1781337479,572532992,25.010103225708008,-7.289287090301514,8.537684440612793
1781337479,623532992,24.951053619384766,-7.285836219787598,8.539512634277344
1781337479,672541440,24.88971519470215,-7.282902717590332,8.53959846496582
1781337479,723541440,24.827917098999023,-7.280181407928467,8.53857707977295
1781337479,772547840,24.767120361328125,-7.2725701332092285,8.5366792678833
1781337479,823547840,24.70589256286621,-7.265977382659912,8.534894943237305
1781337479,872552704,24.64423179626465,-7.260112285614014,8.532777786254883
1781337479,923552704,24.58303451538086,-7.254678726196289,8.530356407165527
1781337479,972559360,24.526926040649414,-7.2490668296813965,8.526989936828613
1781337480,23559360,24.471805572509766,-7.244043827056885,8.523160934448242
1781337480,72564736,24.41741180419922,-7.239694595336914,8.520004272460938
1781337480,123564736,24.36360740661621,-7.235989093780518,8.516759872436523
1781337480,172571904,24.313039779663086,-7.230617523193359,8.512616157531738
1781337480,223571904,24.263797760009766,-7.2254228591918945,8.508523941040039
1781337480,272577792,24.215166091918945,-7.221244812011719,8.503640174865723
1781337480,323577792,24.16631507873535,-7.217964172363281,8.499083518981934
1781337480,372582656,24.113191604614258,-7.214138984680176,8.49705696105957
1781337480,423582656,24.060277938842773,-7.211311340332031,8.495232582092285
1781337480,472588288,24.006614685058594,-7.209325313568115,8.493156433105469
1781337480,523588288,23.951547622680664,-7.208004951477051,8.49114990234375
1781337480,572593920,23.898195266723633,-7.203191757202148,8.492910385131836
1781337480,623593920,23.84288215637207,-7.199387550354004,8.494686126708984
1781337480,672600576,23.78621482849121,-7.1963982582092285,8.496237754821777
1781337480,723600576,23.72672462463379,-7.194082736968994,8.49779224395752
1781337480,772606464,23.663843154907227,-7.192205905914307,8.501371383666992
1781337480,823606464,23.59947395324707,-7.19094705581665,8.50417709350586
1781337480,872612096,23.533447265625,-7.1902174949646,8.50550365447998
1781337480,923612096,23.465574264526367,-7.189974784851074,8.50625228881836
1781337480,972617984,23.3966064453125,-7.1904401779174805,8.506255149841309
1781337481,23617984,23.3257999420166,-7.191646575927734,8.505877494812012
1781337481,72623616,23.254404067993164,-7.193569660186768,8.50478744506836
1781337481,123623616,23.181833267211914,-7.196127414703369,8.503467559814453
1781337481,172630528,23.107481002807617,-7.198559761047363,8.505133628845215
1781337481,223630528,23.032915115356445,-7.201643466949463,8.507185935974121
1781337481,272635648,22.956777572631836,-7.20571756362915,8.508981704711914
1781337481,323635648,22.8807315826416,-7.210587501525879,8.510722160339355
1781337481,372641280,22.80533218383789,-7.214504718780518,8.51318359375
1781337481,423641280,22.729650497436523,-7.219260215759277,8.515233993530273
1781337481,472647680,22.65300178527832,-7.224992752075195,8.517187118530273
1781337481,523647680,22.576904296875,-7.231430530548096,8.518803596496582
1781337481,572653568,22.502883911132812,-7.237913131713867,8.523727416992188
1781337481,623653568,22.42832374572754,-7.245269298553467,8.527470588684082
1781337481,672659200,22.353836059570312,-7.252963066101074,8.530646324157715
1781337481,723659200,22.278581619262695,-7.261102676391602,8.532770156860352
1781337481,772665088,22.206117630004883,-7.270812034606934,8.538558006286621
1781337481,823665088,22.131528854370117,-7.281172752380371,8.543150901794434
1781337481,872670720,22.05646324157715,-7.291726589202881,8.547367095947266
1781337481,923670720,21.97926902770996,-7.3024468421936035,8.550479888916016
1781337481,972676608,21.89984893798828,-7.309886932373047,8.554326057434082
1781337482,23676608,21.81970977783203,-7.317941665649414,8.557327270507812
1781337482,72682496,21.737958908081055,-7.3264546394348145,8.559638023376465
1781337482,123682496,21.656570434570312,-7.335207462310791,8.560994148254395
1781337482,172689664,21.577938079833984,-7.343817234039307,8.561202049255371
1781337482,223689664,21.498756408691406,-7.352601051330566,8.560741424560547
1781337482,272695552,21.41979217529297,-7.3614888191223145,8.560754776000977
1781337482,323695552,21.340740203857422,-7.370755195617676,8.560016632080078
1781337482,372701440,21.264339447021484,-7.383145332336426,8.560205459594727
1781337482,423701440,21.188905715942383,-7.395317077636719,8.559081077575684
1781337482,472707840,21.113101959228516,-7.407502174377441,8.557291984558105
1781337482,523707840,21.0386962890625,-7.419612884521484,8.554696083068848
1781337482,572713728,20.968284606933594,-7.428956031799316,8.551554679870605
1781337482,623713728,20.898178100585938,-7.438478469848633,8.547843933105469
1781337482,672719872,20.830074310302734,-7.447674751281738,8.544645309448242
1781337482,723719872,20.7635555267334,-7.456433296203613,8.541004180908203
1781337482,772725760,20.696489334106445,-7.465477466583252,8.539663314819336
1781337482,823725760,20.632274627685547,-7.473692417144775,8.537796020507812
1781337482,872731648,20.56972312927246,-7.4810471534729,8.535721778869629
1781337482,923731648,20.510147094726562,-7.487368106842041,8.533692359924316
1781337482,972737536,20.45334243774414,-7.4919114112854,8.532304763793945
1781337483,23737536,20.398609161376953,-7.495685577392578,8.530655860900879
1781337483,72743680,20.34697723388672,-7.498488426208496,8.528617858886719
1781337483,123743680,20.297800064086914,-7.500339984893799,8.526118278503418
1781337483,172749056,20.249296188354492,-7.502370834350586,8.525064468383789
1781337483,223749056,20.203916549682617,-7.504428386688232,8.52429485321045
1781337483,272755200,20.160888671875,-7.5062255859375,8.523141860961914
1781337483,323755200,20.120880126953125,-7.507580280303955,8.521087646484375
1781337483,372761600,20.080869674682617,-7.509498596191406,8.521427154541016
1781337483,423761600,20.0433349609375,-7.511476039886475,8.518945693969727
1781337483,472767488,20.008678436279297,-7.513385772705078,8.513605117797852
1781337483,523767488,19.976009368896484,-7.515497207641602,8.505021095275879
1781337483,572773376,19.944795608520508,-7.51802921295166,8.494897842407227
1781337483,623773376,19.915464401245117,-7.5207390785217285,8.481620788574219
1781337483,672779008,19.88770866394043,-7.523647308349609,8.465116500854492
1781337483,723779008,19.861839294433594,-7.526682376861572,8.446395874023438
1781337483,772784896,19.838586807250977,-7.530106544494629,8.42753791809082
1781337483,823784896,19.81641387939453,-7.533562183380127,8.405957221984863
1781337483,872790272,19.79576301574707,-7.536925792694092,8.382457733154297
1781337483,923790272,19.776554107666016,-7.540065765380859,8.357231140136719
1781337483,972796160,19.75994873046875,-7.540858745574951,8.331279754638672
1781337484,23796160,19.74471092224121,-7.541705131530762,8.304375648498535
1781337484,72802048,19.73072052001953,-7.542630195617676,8.27595043182373
1781337484,123802048,19.71828842163086,-7.543438911437988,8.246938705444336
1781337484,172807680,19.707443237304688,-7.543867111206055,8.216687202453613
1781337484,223807680,19.699020385742188,-7.543600559234619,8.184809684753418
1781337484,272813824,19.69172477722168,-7.543292045593262,8.153079986572266
1781337484,323813824,19.68539810180664,-7.5429768562316895,8.121139526367188
1781337484,372819712,19.68339729309082,-7.542300701141357,8.086665153503418
1781337484,423819712,19.681760787963867,-7.541632175445557,8.05293083190918
1781337484,472824320,19.680219650268555,-7.540997505187988,8.019250869750977
1781337484,523824320,19.678800582885742,-7.540228366851807,7.986602306365967
1781337484,572830208,19.674856185913086,-7.539684295654297,7.957925319671631
1781337484,623830208,19.671043395996094,-7.538926124572754,7.929100513458252
1781337484,672835840,19.667285919189453,-7.537796974182129,7.9003005027771
1781337484,723835840,19.66349983215332,-7.536266803741455,7.871603012084961
1781337484,772842240,19.656227111816406,-7.535309314727783,7.8427605628967285
1781337484,823842240,19.649351119995117,-7.533837795257568,7.814563274383545
1781337484,872848640,19.642772674560547,-7.531834125518799,7.786587238311768
1781337484,923848640,19.6367130279541,-7.52931022644043,7.759305000305176
1781337484,972854528,19.633544921875,-7.5289459228515625,7.7365241050720215
1781337485,23854528,19.630584716796875,-7.528044700622559,7.713299751281738
1781337485,72860416,19.628015518188477,-7.526741027832031,7.69035530090332
1781337485,123860416,19.625932693481445,-7.525035858154297,7.667192459106445
1781337485,172866560,19.62486457824707,-7.522945880889893,7.644491195678711
1781337485,223866560,19.62567710876465,-7.520492076873779,7.624698638916016
1781337485,272872448,19.626794815063477,-7.517997741699219,7.603442192077637
1781337485,323872448,19.628253936767578,-7.5154314041137695,7.581626892089844
1781337485,372878080,19.628843307495117,-7.5108418464660645,7.5595316886901855
1781337485,423878080,19.629947662353516,-7.506414890289307,7.536523342132568
1781337485,472883200,19.631662368774414,-7.5022406578063965,7.5131378173828125
1781337485,523883200,19.63397789001465,-7.498108386993408,7.488986015319824
1781337485,572888832,19.638628005981445,-7.492762088775635,7.464383125305176
1781337485,623888832,19.643817901611328,-7.48775577545166,7.439628601074219
1781337485,672894976,19.649612426757812,-7.483032703399658,7.414150238037109
1781337485,723894976,19.65595054626465,-7.478625774383545,7.388822555541992
1781337485,772900864,19.672143936157227,-7.474219799041748,7.361728191375732
1781337485,823900864,19.687881469726562,-7.470329761505127,7.335142612457275
1781337485,872906752,19.703285217285156,-7.466955184936523,7.309054851531982
1781337485,923906752,19.718456268310547,-7.463985443115234,7.282627105712891
1781337485,972912896,19.733558654785156,-7.46148681640625,7.254399299621582
1781337486,23912896,19.74823760986328,-7.459466457366943,7.226203918457031
1781337486,72919040,19.762483596801758,-7.457904815673828,7.197964191436768
1781337486,123919040,19.77597999572754,-7.4568071365356445,7.170135974884033
1781337486,172924672,19.78818130493164,-7.455463409423828,7.141590118408203
1781337486,223924672,19.798158645629883,-7.452661037445068,7.109416961669922
1781337486,272930560,19.80758285522461,-7.450379371643066,7.078524589538574
1781337486,323930560,19.816326141357422,-7.448489665985107,7.048592567443848
1781337486,372936192,19.821989059448242,-7.445837020874023,7.0162458419799805
1781337486,423936192,19.827180862426758,-7.44365119934082,6.984766006469727
1781337486,472941824,19.832054138183594,-7.441866397857666,6.954280853271484
1781337486,523941824,19.83637046813965,-7.4403557777404785,6.92484712600708
1781337486,572948480,19.8398494720459,-7.4390549659729,6.894768714904785
1781337486,623948480,19.84282112121582,-7.4380106925964355,6.8656907081604
1781337486,672954112,19.84535789489746,-7.437153339385986,6.837555408477783
1781337486,723954112,19.847381591796875,-7.4364118576049805,6.8102593421936035
1781337486,772960256,19.851125717163086,-7.437093257904053,6.783041477203369
1781337486,823960256,19.85432243347168,-7.43774938583374,6.756024360656738
1781337486,872966144,19.856843948364258,-7.4383544921875,6.730093479156494
1781337486,923966144,19.858619689941406,-7.438849925994873,6.704606056213379
1781337486,972972544,19.862369537353516,-7.436727523803711,6.675342082977295
1781337487,23972544,19.865163803100586,-7.434789180755615,6.646824359893799
1781337487,72978944,19.867042541503906,-7.433006763458252,6.619928359985352
1781337487,123978944,19.868009567260742,-7.4312615394592285,6.593236446380615
1781337487,172984576,19.86733055114746,-7.429507732391357,6.56678581237793
1781337487,223984576,19.86387062072754,-7.427673816680908,6.537099361419678
1781337487,272990720,19.860027313232422,-7.426023960113525,6.509126663208008
1781337487,323990720,19.855899810791016,-7.424478054046631,6.4821038246154785
1781337487,372997376,19.849292755126953,-7.4222412109375,6.448213577270508
1781337487,423997376,19.842832565307617,-7.4204559326171875,6.415999412536621
1781337487,473003520,19.836589813232422,-7.4189653396606445,6.386324882507324
1781337487,524003520,19.830467224121094,-7.4177470207214355,6.357848644256592
1781337487,573009152,19.82264518737793,-7.412668704986572,6.326583385467529
1781337487,624009152,19.815210342407227,-7.408298492431641,6.29643440246582
1781337487,673014784,19.808340072631836,-7.404565334320068,6.268867015838623
1781337487,724014784,19.80185890197754,-7.401437282562256,6.2425217628479
1781337487,773020672,19.7960205078125,-7.398482322692871,6.212921619415283
1781337487,824020672,19.790555953979492,-7.395905494689941,6.184582233428955
1781337487,873026560,19.785585403442383,-7.393737316131592,6.1586012840271
1781337487,924026560,19.780946731567383,-7.39206075668335,6.13353967666626
1781337487,973032448,19.77682113647461,-7.389476299285889,6.106424808502197
1781337488,24032448,19.77298355102539,-7.387340545654297,6.080485820770264
1781337488,73038336,19.769386291503906,-7.385703086853027,6.05636739730835
1781337488,124038336,19.766162872314453,-7.384579181671143,6.033162593841553
1781337488,173044480,19.763402938842773,-7.38289737701416,6.010193824768066
1781337488,224044480,19.7616024017334,-7.379116058349609,5.983747959136963
1781337488,273049856,19.759870529174805,-7.37626838684082,5.959733009338379
1781337488,324049856,19.758214950561523,-7.374319553375244,5.936367511749268
1781337488,373056512,19.756298065185547,-7.374404430389404,5.915679931640625
1781337488,424056512,19.754526138305664,-7.375489234924316,5.895132541656494
1781337488,473062400,19.75288200378418,-7.377469539642334,5.876061916351318
1781337488,524062400,19.751314163208008,-7.380260944366455,5.857049465179443
1781337488,573068288,19.748863220214844,-7.383283615112305,5.837411880493164
1781337488,624068288,19.74668312072754,-7.387274265289307,5.817968368530273
1781337488,673074688,19.744558334350586,-7.3920416831970215,5.799864768981934
1781337488,724074688,19.74237823486328,-7.397530555725098,5.7812418937683105
1781337488,773080320,19.73832130432129,-7.402045726776123,5.763948917388916
1781337488,824080320,19.734437942504883,-7.407124042510986,5.745832920074463
1781337488,873084416,19.73073959350586,-7.412504196166992,5.728479862213135
1781337488,924084416,19.72710609436035,-7.417972087860107,5.710460662841797
1781337488,973090560,19.721817016601562,-7.420162200927734,5.695960521697998
1781337489,24090560,19.716829299926758,-7.4227705001831055,5.68001651763916
1781337489,73094656,19.712148666381836,-7.425435543060303,5.6641950607299805
1781337489,124094656,19.70771598815918,-7.4281697273254395,5.646795749664307
1781337489,173099008,19.70379638671875,-7.430322170257568,5.629831790924072
1781337489,224099008,19.70038604736328,-7.431171894073486,5.611377239227295
1781337489,273103104,19.69745445251465,-7.432145118713379,5.593122482299805
1781337489,324103104,19.695096969604492,-7.433227062225342,5.573684215545654
1781337489,373107200,19.6973934173584,-7.434478759765625,5.552271366119385
1781337489,424107200,19.699974060058594,-7.435875415802002,5.530220985412598
1781337489,473109760,19.702842712402344,-7.437376499176025,5.508647441864014
1781337489,524109760,19.7060489654541,-7.439072608947754,5.486084938049316
1781337489,573114112,19.707584381103516,-7.4377336502075195,5.463691711425781
1781337489,624114112,19.709815979003906,-7.437084197998047,5.440369606018066
1781337489,673118464,19.71268653869629,-7.436947345733643,5.418283462524414
1781337489,724118464,19.716081619262695,-7.437353610992432,5.395359992980957
1781337489,773122816,19.716083526611328,-7.438324451446533,5.376766204833984
1781337489,824122816,19.717113494873047,-7.43976354598999,5.357127666473389
1781337489,873126912,19.71921157836914,-7.441558837890625,5.337700366973877
1781337489,924126912,19.722366333007812,-7.443674564361572,5.3167595863342285
1781337489,973132800,19.72675132751465,-7.443295955657959,5.294287204742432
1781337490,24132800,19.73221778869629,-7.44351863861084,5.270630359649658
1781337490,73137152,19.73869514465332,-7.444095134735107,5.248234272003174
1781337490,124137152,19.746139526367188,-7.444922924041748,5.224780559539795
1781337490,173141760,19.754981994628906,-7.444520473480225,5.200719833374023
1781337490,224141760,19.765792846679688,-7.440329074859619,5.175243854522705
1781337490,273146112,19.777118682861328,-7.4369215965271,5.150422096252441
1781337490,324146112,19.788944244384766,-7.434158802032471,5.124586582183838
1781337490,373150464,19.798450469970703,-7.4332170486450195,5.099369525909424
1781337490,424150464,19.808435440063477,-7.432704925537109,5.073308944702148
1781337490,473156096,19.818470001220703,-7.432591438293457,5.048072338104248
1781337490,524156096,19.828495025634766,-7.432847023010254,5.022196292877197
1781337490,573160448,19.83629035949707,-7.431055068969727,4.993563652038574
1781337490,624160448,19.844053268432617,-7.4297637939453125,4.965052604675293
1781337490,673165056,19.851638793945312,-7.428872585296631,4.937656879425049
1781337490,724165056,19.85910415649414,-7.428355693817139,4.909667015075684
1781337490,773169664,19.866762161254883,-7.423715591430664,4.88257360458374
1781337490,824169664,19.874038696289062,-7.419589996337891,4.8548197746276855
1781337490,873174016,19.88063621520996,-7.41588830947876,4.828564167022705
1781337490,924174016,19.886682510375977,-7.412559509277344,4.8020100593566895
1781337490,973178368,19.890573501586914,-7.407114505767822,4.771749973297119
1781337491,24178368,19.893829345703125,-7.402315616607666,4.74174690246582
1781337491,73182720,19.89641571044922,-7.398075580596924,4.713386535644531
1781337491,124182720,19.898265838623047,-7.394307613372803,4.684187412261963
1781337491,173187328,19.898839950561523,-7.389545917510986,4.657500743865967
1781337491,224187328,19.897369384765625,-7.381190299987793,4.632359504699707
1781337491,273191680,19.89535903930664,-7.373999118804932,4.608904838562012
1781337491,324191680,19.89276885986328,-7.367847919464111,4.584724426269531
1781337491,373196032,19.888896942138672,-7.359912872314453,4.565526962280273
1781337491,424196032,19.884607315063477,-7.353201389312744,4.54522705078125
1781337491,473200384,19.879947662353516,-7.347552299499512,4.524546146392822
1781337491,524200384,19.87505340576172,-7.342864513397217,4.502946853637695
1781337491,573205248,19.862995147705078,-7.3394927978515625,4.489734172821045
1781337491,624205248,19.85161018371582,-7.336846828460693,4.474172592163086
1781337491,673209600,19.840959548950195,-7.334834575653076,4.457887172698975
1781337491,724209600,19.831092834472656,-7.333497047424316,4.440039157867432
1781337491,773214208,19.82757568359375,-7.337667465209961,4.4311017990112305
1781337491,824214208,19.82433319091797,-7.3419013023376465,4.4197893142700195
1781337491,873218560,19.82134437561035,-7.346227169036865,4.407013893127441
1781337491,924218560,19.818843841552734,-7.350611686706543,4.391997337341309
1781337491,973223424,19.822818756103516,-7.353388786315918,4.385474681854248
1781337492,24223424,19.826616287231445,-7.356529712677002,4.374939441680908
1781337492,73228544,19.830204010009766,-7.359898567199707,4.362464904785156
1781337492,124228544,19.833642959594727,-7.363486289978027,4.34657621383667
1781337492,173233408,19.835540771484375,-7.368097305297852,4.333110332489014
1781337492,224233408,19.83323860168457,-7.375072002410889,4.326419830322266
1781337492,273239040,19.831478118896484,-7.381810665130615,4.315608501434326
1781337492,324239040,19.83016014099121,-7.3883585929870605,4.300613880157471
1781337492,373243904,19.822826385498047,-7.395462512969971,4.299381256103516
1781337492,424243904,19.816539764404297,-7.402281284332275,4.29350471496582
1781337492,473248256,19.811214447021484,-7.408882141113281,4.282948017120361
1781337492,524248256,19.806821823120117,-7.415175437927246,4.268377304077148
1781337492,573253120,19.80661964416504,-7.420070648193359,4.265575408935547
1781337492,624253120,19.806705474853516,-7.424860000610352,4.257092475891113
1781337492,673257984,19.807193756103516,-7.429703235626221,4.243487358093262
1781337492,724257984,19.80813217163086,-7.434489727020264,4.225489616394043
1781337492,773263104,19.815322875976562,-7.440683841705322,4.212035179138184
1781337492,824263104,19.822275161743164,-7.446813106536865,4.193051815032959
1781337492,873267712,19.82896614074707,-7.452906608581543,4.169834136962891
1781337492,924267712,19.835458755493164,-7.459116458892822,4.142317295074463
1781337492,973272320,19.841304779052734,-7.462033748626709,4.116838455200195
1781337493,24272320,19.84683609008789,-7.465500354766846,4.087815284729004
1781337493,73277184,19.852027893066406,-7.469577789306641,4.05525541305542
1781337493,124277184,19.856779098510742,-7.474026203155518,4.020552158355713
1781337493,173282048,19.861923217773438,-7.4786787033081055,3.9847140312194824
1781337493,224282048,19.86897850036621,-7.483325958251953,3.9469687938690186
1781337493,273286912,19.875118255615234,-7.488450527191162,3.9082159996032715
1781337493,324286912,19.880455017089844,-7.4939680099487305,3.868291139602661
1781337493,373291520,19.886777877807617,-7.4994330406188965,3.8266944885253906
1781337493,424291520,19.89234733581543,-7.5053019523620605,3.7856061458587646
1781337493,473295360,19.897064208984375,-7.511414527893066,3.7444446086883545
1781337493,524295360,19.901453018188477,-7.517529487609863,3.704159736633301
1781337493,573300224,19.897491455078125,-7.522340297698975,3.6677541732788086
1781337493,624300224,19.893787384033203,-7.5273966789245605,3.63083815574646
1781337493,673305088,19.89033317565918,-7.532269477844238,3.5946614742279053
1781337493,724305088,19.884193420410156,-7.536165714263916,3.5718281269073486
1781337493,773310208,19.87053680419922,-7.536409854888916,3.5884108543395996
1781337493,824310208,19.85870933532715,-7.536369323730469,3.5942299365997314
1781337493,873314816,19.847393035888672,-7.536899566650391,3.584810256958008
1781337493,924314816,19.836288452148438,-7.537384510040283,3.5653505325317383
1781337493,973319936,19.82392692565918,-7.535524368286133,3.563295841217041
1781337494,24319936,19.81503677368164,-7.533458232879639,3.5814096927642822
1781337494,73325056,19.807214736938477,-7.531253814697266,3.585172176361084
1781337494,124325056,19.799577713012695,-7.52841854095459,3.5799498558044434
1781337494,173330176,19.794511795043945,-7.523672580718994,3.5902202129364014
1781337494,224330176,19.78953742980957,-7.51914119720459,3.5988645553588867
1781337494,273335296,19.78860855102539,-7.517744064331055,3.61004376411438
1781337494,324335296,19.78829002380371,-7.51732873916626,3.619403600692749
1781337494,373340160,19.781309127807617,-7.511233806610107,3.6223907470703125
1781337494,424340160,19.777095794677734,-7.505110740661621,3.6243956089019775
1781337494,473344256,19.772035598754883,-7.500693321228027,3.6249606609344482
1781337494,524344256,19.768308639526367,-7.496394634246826,3.624735116958618
1781337494,573348864,19.764270782470703,-7.489917755126953,3.6250617504119873
1781337494,624348864,19.760854721069336,-7.484847545623779,3.6248412132263184
1781337494,673353472,19.757667541503906,-7.479843616485596,3.623736619949341
1781337494,724353472,19.75481605529785,-7.475452899932861,3.622260093688965
1781337494,773358336,19.754737854003906,-7.471075534820557,3.6204044818878174
1781337494,824358336,19.754663467407227,-7.466917991638184,3.6182072162628174
1781337494,873362944,19.75459098815918,-7.463366508483887,3.615398406982422
1781337494,924362944,19.75448989868164,-7.460017204284668,3.612405300140381
1781337494,973367808,19.755916595458984,-7.456850051879883,3.6088857650756836
1781337495,24367808,19.75714683532715,-7.454060077667236,3.6053566932678223
1781337495,73372416,19.758296966552734,-7.451392650604248,3.601228952407837
1781337495,124372416,19.759305953979492,-7.449103832244873,3.597221612930298
1781337495,173377280,19.760173797607422,-7.44743537902832,3.594322919845581
1781337495,224377280,19.7608642578125,-7.447352409362793,3.59376859664917
1781337495,273381888,19.761489868164062,-7.447278022766113,3.5928759574890137
1781337495,324381888,19.762060165405273,-7.447148323059082,3.59161376953125
1781337495,373392384,19.765216827392578,-7.448739051818848,3.590388298034668
1781337495,424392384,19.76808738708496,-7.450071811676025,3.5888497829437256
1781337495,473396480,19.77069664001465,-7.451284408569336,3.587094306945801
1781337495,522396480,19.773056030273438,-7.452422618865967,3.585224151611328
1781337495,573400832,19.7744083404541,-7.453249931335449,3.5840187072753906
1781337495,622400832,19.77562713623047,-7.454113960266113,3.5827994346618652
1781337495,673405184,19.776803970336914,-7.454793453216553,3.580918073654175
1781337495,722405184,19.77787208557129,-7.4554877281188965,3.579064130783081
1781337495,773408000,19.77942657470703,-7.455743312835693,3.578354597091675
1781337495,822408000,19.78087043762207,-7.455958843231201,3.577531099319458
1781337495,873410560,19.782299041748047,-7.456220626831055,3.5760769844055176
1781337495,921410560,19.783588409423828,-7.456552505493164,3.575014352798462
1781337495,973414912,19.78530502319336,-7.456489086151123,3.572779655456543
1781337496,21414912,19.78684425354004,-7.456610679626465,3.5704565048217773
1781337496,73419776,19.788469314575195,-7.456745147705078,3.567453384399414
1781337496,121419776,19.78986930847168,-7.4568400382995605,3.5643749237060547
